maker,model_scope,rule,strength,owner_action,clause_verbatim,clause_type,source_id
Tata Motors,"Nexon.ev, Harrier.ev, Curvv.ev, Punch.ev, Tiago.ev",dc_then_ac_full,warranty_condition,"After at most four DC or opportunity charges, do one AC charge to 100 percent. This is printed as a condition of the Lifetime HV Battery Warranty.","after a maximum of four DC / opportunity charging cycles, you must use AC charging to 100% State of Charge for the optimum performance of the high voltage battery pack",dc_charging_cap,tata-nexon-om
Tata Motors,"Nexon.ev, Harrier.ev, Curvv.ev",charging_pattern_warnings,warranty_condition,Do not accumulate more than two EV charging pattern warnings between services. You cannot see this counter.,Vehicle shall not have more than 2 warnings related to EV charging pattern between two service intervals.,charging_pattern_warnings,tata-nexon-om
Tata Motors,All Tata EV manuals except Tigor.ev and XPRES-T EV (6 of 8),telematics_connectivity,warranty_condition,Keep the IRA.ev connection active. Tata says the telemetry is what lets it apply the HV battery warranty at all.,IRA.ev subscription maintenance is crucial for telemetry data to be transferred back to TPEM to allow visibility of the last steady state of the HV Battery for application of the HV Battery Warranty.,telematics_required,tata-nexon-om
Ampere (Greaves),"Nexus, Magnus Neo, Magnus Grand",fast_charging_excluded,warranty_exclusion,Ampere lists unauthorised charging profiles and fast charging options among the things not covered. It does not say what makes a fast charger authorised.,Using unauthorized charging profiles and fast charging options,charging_exclusion,ampere-warranty
Altigreen,neEV,weekly_full_charge_required,warranty_exclusion,"Charge to 100 percent at least once every seven days, or the claim falls outside cover.",Battery has not been charged to 100% at least once in 7 days,storage_condition,altigreen-warranty
Altigreen,neEV,low_soc_limit,warranty_exclusion,Do not leave it below 5 percent for more than seven days.,Battery has been left at State of Charge less than 5% for more than 7 days,storage_condition,altigreen-warranty
Mercedes-Benz India,EQ range,recharge_after_zero,warranty_condition,"If it reaches zero charge, recharge it within fourteen days.","The high-voltage battery must be charged at the latest, within 14 days after the state of charge for the high-voltage battery has reached zero",storage_condition,mb-eq-warranty
Ather Energy,"450X, 450S, Rizta, 450 Apex",approved_charger_only,warranty_condition,"Use the charger Ather supplied. The warranty policy words it as the Ather charger specifically, not an approved equivalent.",charging the Battery only using charger provided by the Ather,charging_condition,ather-warranty
TVS Motor,iQube,approved_charger_only,maker_instruction,Charge it with the charger TVS supplied. TVS states no warranty consequence for using another one.,Charge the batteries only using provided charger,charging_condition,tvs-iqube-om
Bajaj Auto,Chetak,approved_charger_only,warranty_exclusion,Use the maker's own or an approved charger. A third party charger can put a claim outside cover.,Any failure arising due to use of non-recommended battery charger,charging_exclusion,bajaj-chetak-tc
Ampere (Greaves),"Nexus, Magnus Neo, Magnus Grand",approved_charger_only,warranty_exclusion,Use the maker's own or an approved charger. A third party charger can put a claim outside cover.,Charging the batteries with other brand chargers/non-recommended chargers,charging_exclusion,ampere-warranty
Altigreen,neEV,approved_charger_only,warranty_exclusion,Use the maker's own or an approved charger. A third party charger can put a claim outside cover.,Battery has been charged using a charger not approved by ALTIGREEN,charging_exclusion,altigreen-warranty
Altigreen / Exponent,neEV TEZ,approved_charger_only,warranty_exclusion,Damage to the pack from surges or charger faults is excluded if you were charging on something other than the Exponent e-pump.,Damage caused on the E-Pack due to power failure surges or other charger related faults while using chargers other than Exponent e^pump,charging_exclusion,altigreen-tez
Citroen India,eC3,approved_charger_only,warranty_exclusion,"Do not use a charging device that is incompatible with the car. Citroen excludes incompatible devices, not third party ones as such.",Use of incompatible charging devices.,charging_exclusion,citroen-warranty
Mercedes-Benz India,EQ range,approved_charger_only,warranty_exclusion,Use the maker's own or an approved charger. A third party charger can put a claim outside cover.,chargers that do not meet MB technical specifications as mentioned in Owners manual,charging_exclusion,mb-eq-warranty
Tata Motors,Nexon.ev,improper_charging_stress,warranty_exclusion,Charging the car in a way the maker calls improper can be treated as unusual stress and put a claim outside cover.,"The vehicle / HV battery is subjected to any form of unusual stress, including stress due to improper charging racing; overloading; or other misuse; abuse; or negligent use",charging_exclusion,tata-nexon-om
Mahindra,"BE 6, BE 6 FE, XEV 9e, XEV 9S",approved_charger_only,warranty_exclusion,"Use a certified charger, stop using it the moment it faults, keep it out of the weather, and follow the maker's charging and installation instructions.","Defect or damage caused due to: (i) damaged or non-certified charger, or (ii) continuing use of charger after noticing any fault, or (iii) charger exposure to extreme weather conditions, or (iv) opening, tampering or modification of the internal components of the charger, or (v) failure to follow Mahindra's instructions / guidelines with respect to proper charging and charger installation.",charging_exclusion,mahindra-be6
Mahindra,"BE 6, BE 6 FE, XEV 9e, XEV 9S",grid_damage_excluded,warranty_exclusion,"Damage from a surge, a dip or any fluctuation in your supply while charging is outside cover. The grid is your risk, not the maker's.",Any electricity surge or electricity dip or any fluctuation while charging the vehicle.,charging_exclusion,mahindra-be6
JSW MG Motor India,"ZS EV, Comet EV, Windsor EV",approved_charger_only,warranty_exclusion,Use the maker's own or an approved charger. A third party charger can put a claim outside cover.,"2.6.2 Use of improper battery charger, fluids or lubricants.",charging_exclusion,mg-zsev
Kia India,All EV models,approved_charger_only,warranty_exclusion,"Use a certified charger, stop using it the moment it faults, and have the home charging point installed by an authorised electrician.","Defects or damage resulting from the use of damaged, non-certified charger; continued use of a faulty charger; exposure of the charger to extreme weather; voltage fluctuation; opening or tampering with charger components; installation of charging infrastructure by an unauthorized electrician/ technician; or failure to follow the charging instructions provided by Kia India",charging_exclusion,kia-ev-owners
Kia India,All EV models,grid_damage_excluded,warranty_exclusion,"Damage from voltage fluctuation while charging is outside cover. The grid is your risk, not the maker's.","Defects or damage resulting from the use of damaged, non-certified charger; continued use of a faulty charger; exposure of the charger to extreme weather; voltage fluctuation; opening or tampering with charger components; installation of charging infrastructure by an unauthorized electrician/ technician; or failure to follow the charging instructions provided by Kia India",charging_exclusion,kia-ev-owners
Citroen India,eC3,follow_charging_instructions,warranty_exclusion,Citroen excludes departures from correct charging procedures. It does not print the procedure.,Neglecting to follow correct charging procedures.,charging_exclusion,citroen-warranty
Bajaj Auto,Chetak,grid_damage_excluded,warranty_exclusion,"Damage from supply above 250V, or from an earthing fault at the place you charge, is outside cover.",any damage to the Chetak or the provided equipment due to voltage above 250V rms or malfunction or earthing related issues or any other electrical related issues at charging place,charging_exclusion,bajaj-chetak-tc
Toyota Kirloskar Motor,Urban Cruiser Ebella,weekly_full_charge_required,maker_instruction,Charge to 100 percent once a week. The car runs a maintenance routine that only works at a full charge.,"This vehicle has an automatic maintenance function that works when the high voltage battery is fully charged. To maintain the high voltage battery performance, fully charge the battery once a week. However, if the vehicle is not used for an extended period of time, refrain from storing the high voltage battery fully charged to prevent deterioration. [Printed p79 and repeated p82, in a NOTICE box under the heading 'High voltage battery (lithium-ion battery)'.]",charging_interval,toyota-ebella-om
Toyota Kirloskar Motor,Urban Cruiser Ebella,no_storage_at_full,maker_instruction,"Do not leave it standing at 100 percent for a long spell. The weekly full charge is for a car in use, not a car being stored.","This vehicle has an automatic maintenance function that works when the high voltage battery is fully charged. To maintain the high voltage battery performance, fully charge the battery once a week. However, if the vehicle is not used for an extended period of time, refrain from storing the high voltage battery fully charged to prevent deterioration. [Printed p79 and repeated p82, in a NOTICE box under the heading 'High voltage battery (lithium-ion battery)'.]",storage_condition,toyota-ebella-om
Toyota Kirloskar Motor,Urban Cruiser Ebella,monthly_charge_when_idle,maker_instruction,"If the car is laid up, charge it at least once a month, and not to full.","If the vehicle is not used for an extended period of time, charge the high voltage battery at least once a month to prevent it from becoming extremely undercharged. Do not fully charge the high voltage battery to prevent deterioration and charge it before the low high voltage battery warning light lights. [Printed p79, under the heading 'If the vehicle is not used for an extended period of time'.]",storage_condition,toyota-ebella-om
Toyota Kirloskar Motor,Urban Cruiser Ebella,do_not_leave_plugged_in,maker_instruction,Do not leave the cable connected or the flap open when you are not charging. It drains the 12 volt battery.,"To prevent the 12-volt battery from losing power, do not leave the charging cover open or the charging cable connected to the vehicle. [Printed p79, chapter 2 Electric vehicle system.]",charging_condition,toyota-ebella-om
Toyota Kirloskar Motor,Urban Cruiser Ebella,unplug_when_idle,maker_instruction,"If the car will stand unused, pull the plug out of the wall socket.","If the vehicle will be unused for a long period of time, pull the plug out of the power outlet. [Printed p106, step 4 of the procedure 'When disconnecting the AC charging connector'.]",charging_condition,toyota-ebella-om
Toyota Kirloskar Motor,Urban Cruiser Ebella,minimise_dc_charging,maker_instruction,"Avoid frequent DC charging, and do not park at 100 percent in the sun. Both are named as causes of lost capacity.","To prevent a drop off in battery capacity, keep the following points in mind. Avoid parking the vehicle in a hot, sunny location when it is fully charged. No frequent acceleration and deceleration when driving. Avoid driving near the maximum speed. Use charging schedule to fully charge the battery before you start driving. Avoid frequent DC charging. [Printed p101, under the heading 'Decreased high voltage battery capacity'.]",dc_charging_cap,toyota-ebella-om
Toyota Kirloskar Motor,Urban Cruiser Ebella,minimise_dc_charging,maker_instruction,Avoid frequent DC charging. The maker names it as a cause of lost capacity.,"To prevent a decrease in the high voltage battery capacity, you are recommended to avoid frequent DC charging. [Printed p109, in the WARNING list headed 'While DC charging'.]",dc_charging_cap,toyota-ebella-om
Toyota Kirloskar Motor,Urban Cruiser Ebella,approved_charger_only,maker_instruction,"Use a cable Toyota specifies, or one from the maker of the charging equipment.","Connect the charging cable specified by Toyota or the manufacturer of the equipment for charging to the charging inlet. [Printed p11, under the sub-heading 'Charging inlet'.]",charging_condition,toyota-ebella-om
Toyota Kirloskar Motor,Urban Cruiser Ebella,charging_pattern_warning_shown,maker_instruction,The car puts a message on the dashboard if you keep charging without ever filling it. You can see this one.,"CHARGE 100% FOR MORE EFFICIENT HV BATTERY USAGE. The vehicle is being used repeatedly without fully charging the high voltage battery. Fully charge the battery. To maintain the high voltage battery performance, it is recommended to fully charge the battery once a week. [Printed p176, in the table of meter display messages. This is a message the owner can read on the dashboard.]",charging_pattern_warnings,toyota-ebella-om
Maruti Suzuki,e VITARA,weekly_full_charge_required,maker_instruction,Charge to 100 percent once a week. The car runs a maintenance routine that only works at a full charge.,"This vehicle has an automatic maintenance function that works when the traction battery is fully charged. To maintain the traction battery performance, fully charge the battery once a week. However, if the vehicle is not used for an extended period of time, refrain from storing the traction battery fully charged to prevent deterioration. [Printed p88, in a NOTICE box under the heading 'Traction battery (lithium-ion battery)'.]",charging_interval,maruti-evitara-om
Maruti Suzuki,e VITARA,no_storage_at_full,maker_instruction,"Do not leave it standing at 100 percent for a long spell. The weekly full charge is for a car in use, not a car being stored.","This vehicle has an automatic maintenance function that works when the traction battery is fully charged. To maintain the traction battery performance, fully charge the battery once a week. However, if the vehicle is not used for an extended period of time, refrain from storing the traction battery fully charged to prevent deterioration. [Printed p88, in a NOTICE box under the heading 'Traction battery (lithium-ion battery)'.]",storage_condition,maruti-evitara-om
Maruti Suzuki,e VITARA,monthly_charge_when_idle,maker_instruction,"If the car is laid up, charge it at least once a month, and not to full.","If the vehicle is not used for an extended period of time, charge the traction battery at least once a month to prevent it from becoming extremely undercharged. Do not fully charge the traction battery to prevent deterioration and charge it before the low traction battery warning light lights. [Printed p85, under the heading 'If the vehicle is not used for an extended period of time'.]",storage_condition,maruti-evitara-om
Maruti Suzuki,e VITARA,temperature_storage,maker_instruction,"Do not store it where it gets very hot or very cold. In summer, park in shade.","Do not store the vehicle in areas with extremely high or low outside temperatures. In midsummer, you can keep the lithium-ion battery longer by parking in the shade rather than in the blazing sun. [Printed p88, NOTICE box.]",storage_condition,maruti-evitara-om
Maruti Suzuki,e VITARA,minimise_dc_charging,maker_instruction,"Avoid frequent DC charging, and do not park at 100 percent in the sun. Both are named as causes of lost capacity.","To prevent a drop off in battery capacity, keep the following points in mind. Avoid parking the vehicle in a hot, sunny location when it is fully charged. No frequent acceleration and deceleration when driving. Avoid driving at or around the maximum speed. Use timer charging to fully charge the battery before you start driving. Avoid frequent DC charging. [Printed p107, under the heading 'Decreased traction battery capacity'.]",dc_charging_cap,maruti-evitara-om
Maruti Suzuki,e VITARA,minimise_dc_charging,maker_instruction,Avoid frequent DC charging. The maker names it as a cause of lost capacity.,"To prevent a decrease in the traction battery capacity, you are recommended to avoid frequent DC charging. [Printed p114, in the WARNING list headed 'While DC charging'.]",dc_charging_cap,maruti-evitara-om
Maruti Suzuki,e VITARA,unplug_when_idle,maker_instruction,"If the cable will go unused for a long spell, pull the plug out of the wall socket and store the cable dry.","Pull the power plug out of the power outlet. Dust can accumulate on the power plug or outlet and cause overheating or fire. Store the AC charging cable in a dry place. [Printed p424, NOTICE box under the heading 'If the AC charging cable will be unused for a long period of time'.]",charging_condition,maruti-evitara-om
Maruti Suzuki,e VITARA,approved_charger_only,maker_instruction,A genuine cable is not enough on its own. It has to be the cable for your model and year.,"Even if the charging cable is a Maruti Suzuki genuine AC charging cable, it may not be possible to use it if it is designed for another model or a different year model. [Printed p94, under the heading 'AC charging cable'.]",charging_condition,maruti-evitara-om
Maruti Suzuki,e VITARA,charging_pattern_warning_shown,maker_instruction,The car puts a message on the dashboard if you keep charging without ever filling it. You can see this one.,"CHARGE 100% FOR MORE EFFICIENT HV BATTERY USAGE. The vehicle is being used repeatedly without fully charging the traction battery. Fully charge the battery. To maintain the traction battery performance, it is recommended to fully charge the battery once a week. [Printed p179, in the table of meter display messages. This is a message the owner can read on the dashboard.]",charging_pattern_warnings,maruti-evitara-om
Mahindra,"BE 6, BE 6 FE, XEV 9e",dc_then_ac_full,warranty_condition,"After every four DC fast charges, do one AC charge to 100 percent.","Allow AC charging up to 100% State of Charging (""SOC"") once in every 4 fast charge (DC) cycles. [Printed p23, under ""Care instruction while leaving the Vehicle idle for long duration - For preventing damage to the Battery:"". Identical in the BE 6, BE 6 FE and XEV 9e guides.]",dc_charging_cap,mahindra-be6
Mahindra,XEV 9S,dc_then_ac_full,warranty_condition,"After four DC fast charges, do one AC charge to 100 percent.","Allow AC charging up to 100 % State of Charging (""SOC"") once after 4 fast charge (DC) cycles. [Printed p23. The XEV 9S guide says ""once after 4"" where the other three say ""once in every 4"".]",dc_charging_cap,mahindra-xev9s
Mahindra,"BE 6, BE 6 FE, XEV 9e, XEV 9S",minimise_dc_charging,warranty_condition,Keep DC fast charging to a minimum.,"The use of fast charging should be minimized to help prolong life of the Battery. [Printed p23, same list. Identical in all four guides.]",dc_charging_cap,mahindra-be6
Mahindra,"BE 6, BE 6 FE, XEV 9e, XEV 9S",recharge_after_zero,warranty_exclusion,"If the car stops because the battery ran flat, plug it in within 24 hours or the battery warranty is void.","Vehicle stopped due to over discharge of Battery and is not plugged for charge within 24 hours from time of stoppage. [Printed p22, in the list headed ""In addition to the EXCLUSIONS TO WARRANTY listed above, the Battery warranty will be null and void if:"". Identical in all four guides.]",storage_condition,mahindra-be6
Mahindra,"BE 6, BE 6 FE, XEV 9e, XEV 9S",manual_guidance_is_binding,warranty_condition,The care instructions on the next page are not advice. Not following them forfeits the battery warranty.,"Vehicle missing any of Battery service requirements as specified or not adhering to the conditions set out above, or not adhering to conditions mentioned in the Vehicle Manual, will forfeit warranty on Battery. [Printed p22, closing the null-and-void list. This is what turns the page 23 care instructions into warranty conditions.]",charging_condition,mahindra-be6
Mahindra,"BE 6, BE 6 FE, XEV 9e, XEV 9S",low_soc_limit,warranty_condition,Do not run it below 5 percent often.,"Do not drain the Battery to less than 5% state of charge frequently, as deep discharges can harm to the Battery health. [Printed p23. Grammatical error is the maker's.]",storage_condition,mahindra-be6
Mahindra,"BE 6, BE 6 FE, XEV 9e, XEV 9S",storage_soc,warranty_condition,"If it sits idle, charge to 30 to 40 percent at least once every two months.","While the vehicle is idle, ensure to charge the vehicle to at least 30% to 40% SOC at least once in two months, to prevent deep discharge. [Printed p23.]",storage_condition,mahindra-be6
Mahindra,"BE 6, BE 6 FE, XEV 9e, XEV 9S",max_idle_period,warranty_condition,Never leave it idle more than six months.,Never leave the vehicle idle for more than 6 months at a time. [Printed p23.],storage_condition,mahindra-be6
Mahindra,"BE 6, BE 6 FE, XEV 9e, XEV 9S",temperature_charging,warranty_condition,Do not charge or park in extreme heat or cold.,Avoid vehicle charging and parking in extreme ambient temperatures (hot or cold). [Printed p23.],charging_condition,mahindra-be6
Mahindra,"BE 6, BE 6 FE, XEV 9e, XEV 9S",damaged_port_or_rain,warranty_condition,Do not charge if the socket or port is damaged or wet.,"Do not charge the vehicle, if the power socket/charge port is damaged or exposed to rain or water. [Printed p23.]",charging_condition,mahindra-be6
JSW MG Motor India,Windsor EV,dc_then_ac_full,maker_instruction,"Do a slow AC charge to 100 percent every 15 days, or after every four DC charges, whichever comes first.","Slow AC charging till 100% SoC is recommended at least once a 15 Days or after every 4 fast DC/opportunity charging cycles whichever is earlier, for SoC calibration & cell balancing. [Printed p3-16, under ""Charging tips"". Spacing and grammar are the maker's.]",dc_charging_cap,mg-windsor-om
JSW MG Motor India,Windsor EV,full_charge_for_calibration,maker_instruction,"Charging past 90 percent is when the pack balances its cells and re-references the gauge, which is why MG asks you to finish at 100 percent.","Cell balancing and equalization, as well as state of charge (SoC) calibration, occur during charging, particularly when the SoC is above 90%. This results in longer charging times when exceeding 90%. It is recommended to allow the vehicle to charge to 100% SoC before ending the charging session. [Printed p3-17, under ""Cell Balancing & equalization"".]",charging_interval,mg-windsor-om
JSW MG Motor India,Windsor EV,charge_to_full_every_time,maker_instruction,Charge to 100 percent every time you charge.,"It is recommended to charge the vehicle to 100%, whenever vehicle is being charged. [Printed p3-16, under ""Charging tips"".]",charging_interval,mg-windsor-om
JSW MG Motor India,Windsor EV,first_charge_before_30pct,maker_instruction,"On a new car, do a full 100 percent charge before it first drops below 30 percent.","After you receive the vehicle, make sure to fully charge the HV battery to 100% before it drops below 30% to keep it in good condition. [Printed p1-2.]",charging_interval,mg-windsor-om
JSW MG Motor India,Windsor EV,fortnightly_full_charge,maker_instruction,Charge to full at least once every two weeks in normal use.,"It is recommended to fully charge the battery at least once every two weeks when using the vehicle regularly for maintenance. [Printed p1-3, under ""Battery maintenance"".]",charging_interval,mg-windsor-om
JSW MG Motor India,Windsor EV,storage_soc,warranty_exclusion,"Store above 50 percent. Once a month, charge it fully on AC then run it down to 40 to 60 percent before parking again. MG says over-discharge damage may not be covered.","Before storing the vehicle for an extended period (over one month), ensure the battery is charged to more than 50%. After prolonged parking, perform charging maintenance at least once a month. This involves fully charging the vehicle using AC slow charging, then discharging it to between 40% and 60% before parking again. Failure to maintain the battery as recommended could lead to vehicle issues caused by over-discharge, which may not be covered under warranty. [Printed p1-4, in a WARNING box.]",storage_condition,mg-windsor-om
JSW MG Motor India,Windsor EV,low_soc_limit,maker_instruction,Do not drive below 10 percent.,"Avoid driving vehicle below 10% SOC. [Printed p3-16, under ""Charging tips"".]",charging_condition,mg-windsor-om
JSW MG Motor India,Windsor EV,no_charging_in_rain,maker_instruction,Do not charge in a thunderstorm or outdoors in the rain.,"Do not charge the vehicle in thunder and lightning conditions, and do not charge in the open air on rainy days. Otherwise, it may damage the charging equipment, or cause lightning strike and electric shock. [Printed p3-16, in a DANGER box.]",charging_condition,mg-windsor-om
JSW MG Motor India,M9,supply_installation_requirements,maker_instruction,"The socket must be wired correctly and properly earthed. Adapters, reels and power strips are prohibited.","The wiring of the socket should be correct (live wire, neutral wire and earth wire), and the earth wire should be reliably earthed. Transfers using adapters, reels, power strips, etc. are prohibited. [Printed p3-3.]",charging_condition,mg-m9-om
Kia India,"Carens Clavis EV, EV9",daily_charge_limit_80,maker_instruction,Charge to 80 percent for daily use and keep DC fast charging to a minimum.,"If the HV battery is only charged to 80%, and you minimise the number of DC fast charging, you can keep the HV battery performance in optimal condition. [Printed p7-4 of the Carens Clavis EV manual and the equivalent page of the EV9 manual. The Kia Syros EV manual was checked for this sentence and does not carry it.]",dc_charging_cap,kia-clavis-om
Kia India,"Carens Clavis EV, EV9",prefer_ac,maker_instruction,Use AC charging as the normal way to charge.,AC (L2-Normal) charging is recommended to keep the high voltage battery in optimal condition. [Printed p7-4.],charging_condition,kia-clavis-om
Kia India,"Carens Clavis EV, EV9",quarterly_charge_when_idle,maker_instruction,"If it is laid up, charge it every three months, and charge it full before you leave it.","If the vehicle will not be in use for an extended period of time, charge the high voltage battery once every three months to prevent it from discharging. Also, if the charge amount is not enough, immediately charge to full before leaving the vehicle. [Printed p7-4.]",storage_condition,kia-clavis-om
Kia India,"Carens Clavis EV, EV9",low_soc_limit,maker_instruction,Do not let the gauge sit on empty. Kia says the pack may need replacing.,"Make sure that the HV battery charge gauge does not reach E (Empty). If the vehicle is kept at E (Empty) for a long period, it may damage the high voltage battery and the high voltage battery may have to be replaced, depending on the level of degradation. [Printed p7-5, in a CAUTION box.]",storage_condition,kia-clavis-om
Kia India,"Carens Clavis EV, EV9",approved_charger_only,maker_instruction,Use a designated charger. Kia says other chargers seriously affect durability.,"Make sure to use a designated charger when charging the HV battery. Using different types of chargers may have a serious impact on vehicle durability. [Printed p7-5, in a CAUTION box.]",charging_condition,kia-clavis-om
Kia India,"Carens Clavis EV, EV9",no_extension_cable,maker_instruction,Use only a Kia certified cable. No extension reels.,"Only use the charging cable (if equipped) certified by Kia. Using a separate extension cable, such as a reel or an uncertified cable, may cause abnormalities in electrical outlets, leading to fire or explosion. [Printed p7-32, under ""Precautions for charging electric vehicle"".]",charging_condition,kia-clavis-om
Hyundai Motor India,"IONIQ 5 (Oct 2022 to Apr 2026), Kona Electric",minimise_dc_charging,maker_instruction,Keep DC charging to a minimum.,Use of DC charge should be minimized in order to help prolong high voltage battery life. [Printed p2-20 of the IONIQ 5 manual and p H13 of the Kona Electric manual. Identical sentence in both.],dc_charging_cap,hyundai-ioniq5-om-2022
Hyundai Motor India,"IONIQ 5 (Oct 2022 to Apr 2026), Kona Electric",full_charge_below_20,maker_instruction,"Prefer AC. If you drop below 20 percent, charge to 100 percent, at least monthly.","AC charge is recommended to keep the high voltage battery in optimal condition. If the high voltage battery charge amount is below 20%, you can keep the high voltage battery performance in optimal condition if you charge the high voltage battery to 100%. (Once a month or more is recommended.) [Printed p2-5 of the IONIQ 5 manual.]",charging_interval,hyundai-ioniq5-om-2022
Hyundai Motor India,IONIQ 5 (May 2026 onward),quarterly_charge_when_idle,maker_instruction,"If it is laid up, charge it at least every three months.","If you do not use the vehicle for a long time, charge the vehicle at least once every 3 months to prevent the battery from fully discharging. [Printed p1-10. This edition replaces the below-20-percent wording of the earlier IONIQ 5 manual.]",storage_condition,hyundai-ioniq5-om-2026
Hyundai Motor India,IONIQ 5 (May 2026 onward),approved_charger_only,maker_instruction,Use only a specified EV charger.,"Use specified electric vehicle charger only. Failure to do so may damage the charger, charging cable, or vehicle. Also, it may lead to safety hazards, such as fire, explosion, etc. [Printed p1-13, in a WARNING box.]",charging_condition,hyundai-ioniq5-om-2026
Mercedes-Benz India,"EQA, EQS SUV",avoid_frequent_full_charge,maker_instruction,"Charging to 100 percent often, above all when you do not drive straight after, accelerates ageing. So does frequent DC.","THE FOLLOWING FACTORS COULD ACCELERATE THE AGEING OF THE HIGH-VOLTAGE BATTERY: frequently fully charging (charge level 100%) the high-voltage battery, especially when this process is not directly followed by a journey; frequent rapid charging with direct current (mode 4); leaving the vehicle idle for lengthy periods at high ambient temperatures. [Printed p287 of the EQA manual, under a boxed note. Capitalisation is the maker's.]",charging_interval,mercedes-eqa-om
Mercedes-Benz India,"EQA, EQS SUV",storage_soc,maker_instruction,"Park it at 30 to 50 percent for a long spell, and do not leave it plugged in.","In the case of longer idle periods: Park the vehicle with the high-voltage battery at a state of charge between 30 % and 50 %. Do not permanently connect the high-voltage battery to power supply equipment. Avoid high outside temperatures as far as possible. [Printed p288 of the EQA manual and p355 of the EQS SUV manual, under ""RECOMMENDATIONS WHEN HANDLING THE HIGH-VOLTAGE BATTERY"".]",storage_condition,mercedes-eqa-om
Mercedes-Benz India,"EQA, EQS SUV",periodic_low_soc,maker_instruction,"Once every six months, park it overnight below 20 percent when it is warmer than 10 degrees.","If the outside temperature is above 10 °C, park the vehicle overnight with a state of charge below 20 % every six months. [Printed p288 of the EQA manual and p355 of the EQS SUV manual.]",storage_condition,mercedes-eqa-om
Mercedes-Benz India,"EQA, EQS SUV",check_soc_six_weekly,maker_instruction,Check the charge level every six weeks.,Check the high-voltage battery's state of charge every six weeks. [Printed p288 of the EQA manual.],storage_condition,mercedes-eqa-om
Ather Energy,"450X, 450S, 450 Apex, Rizta S, Rizta Z, Konarc S",mandatory_charge_interval,maker_instruction,"Charge it at least once every 100 days even in Shutdown Mode, or the pack can be permanently damaged.","Charge your scooter every 100 days. It's a must, even if the scooter is in Shutdown Mode. This prevents permanent damage to the battery pack. [Printed p38, in a CAUTION box under ""Scooter shutdown"".]",storage_condition,ather-450x-qsg
Ather Energy,"450X, 450S, 450 Apex, Rizta S, Rizta Z, Konarc S",shutdown_after_5_days,maker_instruction,Put it in Shutdown Mode if it will stand more than five days.,"If you are not using your scooter for more than 5 days, leave it in Shutdown Mode to prevent battery drain. [Printed p40, under ""THINGS TO KEEP IN MIND WHEN NOT IN USE"".]",storage_condition,ather-450x-qsg
Ather Energy,"450X, 450S, 450 Apex, Rizta S, Rizta Z, Konarc S",approved_charger_only,maker_instruction,"Use the charger Ather supplied. The warranty policy words it as the Ather charger specifically, not an approved equivalent.","Always use the original charger provided by Ather to charge your vehicle. Avoid using 3rd party chargers. [Printed p40, under ""EXTEND YOUR BATTERY LIFE"". Fuller than the warranty policy wording, which does not mention third party chargers.]",charging_condition,ather-450x-qsg
VinFast,VF 7,storage_soc,maker_instruction,Charge to 80 percent before a long lay-up and check monthly that it stays above 30 percent.,"If the vehicle is not going to be used for an extended period of time (long storage), please charge vehicle to 80%. Monthly check to ensure that the High Voltage Battery SOC is always above 30%. [Battery & Charging, Battery Information, under the heading 'Battery Care'.]",storage_condition,vinfast-vf7-om
VinFast,VF 7,temperature_storage,maker_instruction,Do not store it above 35 degrees or below zero. VinFast says this may cause permanent degradation.,"During storage, the vehicle should not be exposed to ambient temperatures exceeding 35°C or falling below 0°C for extended periods. If extreme temperatures are anticipated, it is recommended to store the vehicle in a climate-controlled garage. Not adhering to these guidelines may result in permanent degradation of the High Voltage Battery's performance. [Battery & Charging, Battery Information, under the heading 'Temperature Limits'.]",storage_condition,vinfast-vf7-om
VinFast,VF 7,minimise_dc_charging,maker_instruction,Keep super fast charging to a minimum.,"The use of Super Fast Charge Stations should be minimized to ensure the optimal lifetime performance of the battery. [Battery & Charging, Charging Instructions, in a NOTE box.]",dc_charging_cap,vinfast-vf7-om
VinFast,VF 7,never_full_discharge,maker_instruction,Never let it go flat.,"Although the High Voltage battery is maintenance free, it is important to always be aware of the battery state of charge and never allow the battery to fully discharge. [Battery & Charging, Battery Information, under the heading 'Battery Care'.]",charging_condition,vinfast-vf7-om
Volvo India,XC40 Recharge Pure Electric,avoid_frequent_full_charge,maker_instruction,Set a target below 100 percent for everyday charging. Save 100 percent for a trip you are about to take.,"The traction battery can sustain damage if the car's battery level is kept very high for a long period of time. For regular charging, battery wear can be reduced by selecting a target battery level lower than 100%. Only charge to 100% if the full range is needed for your next trip. [Under the heading 'High state of charge', in an Important box.]",charging_interval,volvo-xc40-battery-health
Volvo India,XC40 Recharge Pure Electric,minimise_dc_charging,maker_instruction,Use AC every day. Volvo says DC causes more wear.,AC charging is the recommended charging mode for everyday charging. This helps maintain the condition of the battery over time. DC charging causes more wear. [Under the heading 'Charging habits'.],dc_charging_cap,volvo-xc40-battery-health
Volvo India,XC40 Recharge Pure Electric,storage_soc,maker_instruction,"Park it at 40 to 60 percent over a month, and at 50 percent plugged in over three months.","When leaving your car parked for longer than one month, the recommended battery level is 40-60%. Use or charge the car to reach the recommended level. If you are leaving the car parked for longer than three months, it's recommended to keep it plugged in but set a battery charging limit of 50%. This is for better battery health. [Under the heading 'Long-term parking'.]",storage_condition,volvo-xc40-battery-health
Volvo India,XC40 Recharge Pure Electric,low_soc_limit,maker_instruction,"Below 20 percent when parked, plug it in as soon as you can. At zero the damage can be severe.","The traction battery can sustain severe damage if it is not charged after the battery level reaches 0%. The car draws a small amount of power when parked. Therefore, leaving the car with a low battery level without charging can lead to a flat battery and battery damage. If the battery level is below 20% when parked, it is recommended that the car is connected for charging as soon as possible. [Under the heading 'Low battery level and flat battery', in an Important box.]",storage_condition,volvo-xc40-battery-health
Volvo India,XC40 Recharge Pure Electric,temperature_storage,maker_instruction,Do not leave it parked over 24 hours where it could reach 55 degrees.,"Avoid exposing the car to extreme temperatures. Avoid leaving the car parked for longer than 24 hours if the temperature is at risk of reaching 55 °C (131 °F). [Under the heading 'Parking in hot weather', in an Important box.]",storage_condition,volvo-xc40-battery-health
Hyundai Motor India,Creta Electric,low_soc_limit,maker_instruction,Do not let it sit below 10 percent. Hyundai says the pack may need replacing.,"Keep the gauge of the high voltage battery from going below than 10 %. Storing the vehicle whilst the battery level is low for a long time may damage the battery or reduce the battery's capacity, potentially causing the need for a battery replacement. [Printed p1-8, in a CAUTION box under ""Precautions when using the high voltage battery"".]",storage_condition,hyundai-creta-om
Hyundai Motor India,Creta Electric,full_charge_below_20,maker_instruction,"Prefer AC. When you drop to 20 percent or lower, charge to full, at least monthly.","To keep the battery in optimal condition, use AC charging. Fully charging the battery when it is 20 % or lower helps to keep the battery in optimal condition. Charging once a month or more is recommended. [Printed p1-8.]",charging_interval,hyundai-creta-om
Hyundai Motor India,Creta Electric,minimise_dc_charging,maker_instruction,Use AC unless you actually need DC. Hyundai says performance and life may deteriorate if DC is used constantly.,"Battery performance and life may deteriorate if the DC charger is used constantly. Use of DC charging should be minimised in order to help prolong high voltage battery life. Use AC charging unless DC charging is necessary. [Printed p1-15 and repeated p1-25, in CAUTION boxes. The third sentence is the strongest Hyundai India wording and does not appear in the IONIQ 5 or Kona manuals.]",dc_charging_cap,hyundai-creta-om
Hyundai Motor India,Creta Electric,quarterly_charge_when_idle,maker_instruction,"If it is laid up, charge it at least every three months.","If you do not use the vehicle for a long time, charge the vehicle at least once every 3 months to prevent the battery from fully discharging. When the battery level has lower power, immediately charge the vehicle. [Printed p1-8.]",storage_condition,hyundai-creta-om
Hyundai Motor India,Creta Electric,temperature_storage,maker_instruction,Do not store it somewhere very hot or very cold.,Storing the vehicle in temperatures that are too hot or cold may degrade the battery performance. [Printed p1-8.],storage_condition,hyundai-creta-om
Hyundai Motor India,Creta Electric,approved_charger_only,maker_instruction,Use only a specified EV charger.,"Use specified electric vehicle charger only. Failure to do so may damage the charger, charging cable, or vehicle. Also, it may lead to safety hazards, such as fire, explosion, etc. [Printed p1-11, in a WARNING box.]",charging_condition,hyundai-creta-om
Hyundai Motor India,Creta Electric,v2l_shortens_life,maker_instruction,Hyundai says repeated use of the car as a power source may shorten pack life.,"Using the V2L function may reduce the driving distance due to the use of the high voltage battery energy, and repeated use of the V2L function may cause a decrease in the life of the high voltage battery. [Printed p1-8.]",charging_condition,hyundai-creta-om
Hyundai Motor India,Kona Electric,approved_charger_only,warranty_exclusion,"Use of an improper battery charger is listed as not covered. This is an exclusion, not advice.","Use of improper battery charger, fluids or lubricants. [Printed pdf p72, under '3. What is not covered'. Word for word the same clause JSW MG prints for the ZS EV, Comet EV and Windsor EV.]",charging_exclusion,hyundai-kona-om
Hero MotoCorp,All VIDA models,storage_soc_high,warranty_condition,"Keep it above 80 percent in long storage. Vida recommends checking weekly and not leaving it unmonitored beyond 100 days, and says failure to comply voids the warranty.","Please keep your vehicle SOC > 80% when you intend to keep stored for long periods of time without using, but we recommend you to keep on checking the SOC levels on a weekly basis and not leave the vehicle unmonitored for more than 100 days at a continuous stretch. [Section 11.a General with Long Storage Guidelines, in a CAUTION box.]",storage_condition,vida-battery-general
Hero MotoCorp,All VIDA models,manual_guidance_is_binding,warranty_condition,Vida attaches the warranty to the storage instructions directly.,"Failure to comply with above instructions will likely cause permanent damage the battery and void the warranty. [Section 11.a, closing the CAUTION box that contains the above 80 percent storage instruction. Grammatical error is the maker's.]",storage_condition,vida-battery-general
Hero MotoCorp,All VIDA models,hibernation_5_days,maker_instruction,"Hibernate after five days standing, then recharge.",We recommend 5 Day Hibernation for Lithium-Ion Batteries for optimum performance. Post that recharge your Li-Ion Battery. [Section 11.a.],charging_interval,vida-battery-general
Hero MotoCorp,All VIDA models,hard_end_of_life,maker_instruction,"The pack is built to stop working after eight years from first charge and/or 14,000 Ah of accumulated charging. Hero does not say which of the two applies.","Battery electric output auto-stopping function | The battery is equipped with a function to prevent further use in case of excessive depletion. When eight years have passed post initial battery charging (at OEM end) and/or the accumulated charging amount reaches 14000 Ah, the traction battery will no longer be usable. [Section 11.b Warning about Scrapping Traction batteries.]",coverage_term,vida-battery-scrapping
TVS Motor,Orbiter,storage_soc,maker_instruction,Charge to at least 30 percent once every 15 days.,"Do not leave your vehicle without charging for a long period of time (Vehicles should be charged to 30% SOC atleast once in 15 days). [Printed p14, in the Warning list under SAFE RIDING TIPS.]",storage_condition,tvs-orbiter-om
TVS Motor,X,storage_soc,maker_instruction,Charge to at least 50 percent once every 15 days.,Do not leave your vehicle without charging for a long period of time (Vehicles should be charged to 50% SOC atleast once in 15 days). [Printed p41. The TVS X figure is 50 percent where the Orbiter manual says 30 percent.],storage_condition,tvs-x-om
TVS Motor,Orbiter,temperature_storage,maker_instruction,Do not let the battery go above 60 degrees.,"Do not expose battery to temperature above 60°C. [Printed p14, in a Caution box.]",storage_condition,tvs-orbiter-om
TVS Motor,Orbiter,authorised_install_required,maker_instruction,Any electrical work for charging must be done by an authorised electrician.,"Any electrical work should be performed by authorized electrician only. Failure to do so might result in sever injury or risk to life. [Printed p45 of the Orbiter manual, in a Caution box under CHARGING THE VEHICLE. 'sever' is the maker's spelling. The TVS X manual prints the same sentence with 'severe'.]",charging_condition,tvs-orbiter-om
TVS Motor,X,authorised_install_required,maker_instruction,Any electrical work for charging must be done by an authorised electrician.,"Any electrical work should be performed by authorized electrician only. Failure to do so might result in severe injury or risk to life. [Printed p42 of the TVS X manual, in a Caution box. The Orbiter manual prints the same sentence but spells it 'sever'.]",charging_condition,tvs-x-om
TVS Motor,Orbiter,supply_installation_requirements,maker_instruction,"Earth the wiring, use a 16A socket with an MCB, and fit a surge protector or voltage regulator.",Good to do for charging the vehicle at your home: 1. Ensure that domestic wiring is properly grounded. 2. Ensure that socket is having earth connection. 3. Use 16A socket with MCB for charging (Charger will work in 5A socket also). 4. Install surge protector / voltage regulator. [Printed p46.],charging_condition,tvs-orbiter-om
TVS Motor,X,supply_installation_requirements,maker_instruction,"Supply must be 220 to 240V, single phase, properly earthed. No extension boxes.","Input AC voltage should be within the range of 220 to 240V. Need to ensure proper earth connection in the AC domestic power socket. Plug the charger in Single phase AC domestic socket only. Do not use extension box to charge the vehicle for safety purpose. [Printed p43, in a Warning box.]",charging_condition,tvs-x-om
River,"Indie (Gen 3, Oct 2025 onward)",mandatory_charge_interval,warranty_exclusion,"Charge to 100 percent at least once every 60 days, even in sleep mode, or the warranty can be void.","To maintain good battery health, please charge your vehicle up to 100% once in 60 days even if it has been kept in sleep mode. Failing to do so may result in voiding your warranty. [Printed p77 of the Gen 3 manual, in a CAUTION box. The Gen 1 and Gen 2 manuals carry the same sentence with 90 days in place of 60.]",storage_condition,river-indie-om-gen3
River,"Indie (Gen 1 and Gen 2, to Sep 2025)",mandatory_charge_interval,warranty_exclusion,"Charge to 100 percent at least once every 90 days, even in hibernation, or the warranty can be void. The Gen 3 manual shortened this to 60 days.","To maintain good battery health, please charge your vehicle up to 100% once in 90 days even if it has been kept in hibernation mode. Failing to do so may result in voiding your warranty. [Printed p26 of the Gen 1 manual, in a CAUTION box. Superseded by the 60 day wording in the Gen 3 manual.]",storage_condition,river-indie-om-gen1
River,"Indie (Gen 3, Oct 2025 onward)",low_soc_storage_excluded,warranty_exclusion,Storing it with too little charge is not covered if the pack degrades.,"If the vehicle is stored with insufficient charge for a long period of time, it may degrade the battery and the battery may have to be replaced based on the level of degradation. In such cases, warranty shall not be covered. [Printed p23 of the Gen 3 manual, in a NOTICE box. The Gen 1 manual carries the same sentence without the final clause about warranty.]",coverage_exclusion,river-indie-om-gen3
River,"Indie (Gen 1, to Nov 2024)",low_soc_storage,maker_instruction,Storing it with too little charge can degrade the pack. The Gen 1 manual stops there and attaches no warranty consequence.,"If the vehicle is stored with insufficient charge for a long period of time, it may degrade the battery and the battery may have to be replaced based on the level of degradation. In such cases, warranty shall not be covered. [Printed p23 of the Gen 3 manual, in a NOTICE box. The Gen 1 manual carries the same sentence without the final clause about warranty.]",storage_condition,river-indie-om-gen1
River,"Indie (Gen 3, Oct 2025 onward)",supply_installation_requirements,maker_instruction,Use a voltage protector and circuit breakers. River says out-of-bound surges or grid faults can destroy the charger.,It is recommended to use an AC supply provided through a voltage protector (such as: LINK or equivalent) and circuit breakers (such as: LINK or equivalent). Any out-of-bound surges or grid faults may result in irreparable damages to the charger. [Printed p85 of the Gen 3 manual. Absent from the Gen 1 manual.],charging_condition,river-indie-om-gen3
River,Indie,supply_installation_requirements,maker_instruction,"Before you charge, measure neutral to earth with a multimeter. River says it must read under 3V.","Ensure that you are getting less than 3V, using a multimeter across the Neutral and Earth. [Printed p85 of the Gen 3 manual, under Setting up your environment. The Gen 1 manual carries the same check.]",charging_condition,river-indie-om-gen3
River,Indie,authorised_install_required,maker_instruction,Have an electrician do the charging point install and the earth checks.,"Do not attempt to do the above by yourself. Contract an electrician to install the same and provide the above guidelines. [Printed p30 of the Gen 1 manual, in a DANGER box following the earthing and voltage checks.]",charging_condition,river-indie-om-gen1
Ultraviolette,"F77, F77 SuperStreet",manual_guidance_is_binding,warranty_condition,The charging guidance in this manual is binding. Not following it can void the warranty.,"Battery Maintenance: To maintain the battery's longevity and performance, adhere strictly to the charging and maintenance guidelines provided. Failure to follow these guidelines may result in reduced battery life and can void the warranty. [Printed p17, under Battery Maintenance. This is what makes the charging sections of this manual warranty-binding rather than advisory.]",charging_condition,uv-f77-om
Ultraviolette,"F77, F77 SuperStreet",daily_charge_limit_90,maker_instruction,"Set the app charge limit to 90 percent. Ultraviolette's reason is keeping regen working, not ageing.","Charging Limits. Adjust the charging limit (80%, 90%, 100%) via Controls > Energy section in the Ultraviolette App. Ultraviolette recommends setting a 90% charging limit to ensure that regenerative braking remains operational. [Printed p48. The stated reason for the limit is keeping regen available, not battery ageing.]",dc_charging_cap,uv-f77-om
Ultraviolette,"F77, F77 SuperStreet",no_storage_at_full,maker_instruction,Do not leave it parked at a high charge for long.,"Avoid prolonged storage of the motorcycle at a high level of charge to avoid battery cell degradation. [Printed p47, under Battery Life.]",storage_condition,uv-f77-om
Ultraviolette,"F77, F77 SuperStreet",storage_soc,warranty_condition,"Keep at least 50 to 60 percent past 30 days, wake it 30 minutes every 10 days, and use Deep Sleep past 10 days. Not doing so can affect cover.","Store indoors in a cool, dry location away from direct sunlight. Switch on the motorcycle for a minimum of 30 minutes every 10 days to charge the auxiliary battery. Activate Deep Sleep Mode if the motorcycle will not be used for more than 10 days. Maintain a minimum 50%-60% State of Charge (SoC) if storing for more than 30 days. Failure to follow these storage guidelines may affect the motorcycle's performance and warranty coverage. [Printed p74, under Storage Guidelines.]",storage_condition,uv-f77-om
Ultraviolette,"F77, F77 SuperStreet",do_not_leave_plugged_in,maker_instruction,Do not leave the charger connected during long parking.,DO NOT leave the charger plugged in to the motorcycle during long term parking as it can affect charger and battery pack health. [Printed p74.],charging_condition,uv-f77-om
Ultraviolette,"F77, F77 SuperStreet",temperature_charging,maker_instruction,It will not charge above 50 degrees.,Charging does not occur if the temperature exceeds 50°C. [Printed p48.],charging_condition,uv-f77-om
Ultraviolette,"F77, F77 SuperStreet",ventilated_charging,maker_instruction,"Charge in a ventilated place, 20 metres clear of anything combustible.","Ensure to charge the motorcycle battery pack in a well-ventilated environment, at least 20 meters away from combustible substances. [Printed p47.]",charging_condition,uv-f77-om
Ultraviolette,X-47,manual_guidance_is_binding,warranty_condition,The storage rules are warranty-binding on the X-47 too.,"Not following these storage instructions may affect motorcycle's performance and could void your warranty. [Printed p108, closing the Storage Guidelines, which carry the same 50 to 60 percent SoC rule as the F77 manual.]",storage_condition,uv-x47-om
Ola Electric,S1 Air,mandatory_charge_interval,maker_instruction,Charge to 100 percent at least once every 30 days.,"Ensure that the battery is charged to 100% at least once in 30 days to maintain battery health. [Printed p3, under IMPORTANT THINGS TO KEEP IN MIND. Read from the rendered page by eye.]",storage_condition,ola-s1air-om
Ola Electric,S1 Air,weekly_charge_when_idle,maker_instruction,"If it is standing, charge weekly or switch on vacation mode. Ola gives both a weekly and a 30 day interval on the same page.","If not using your scooter for long, keep charging it every week or activate the vacation mode to avoid complete discharge. [Printed p3. Note this sets a weekly interval while the bullet two lines below sets a 30 day one.]",storage_condition,ola-s1air-om
Ola Electric,S1 Air,low_soc_limit,maker_instruction,Do not keep riding it low. Ola says it affects battery health.,"Extended or repeated driving at low battery level may impact battery health. If your battery level is low, charge as soon as possible. [Printed p3.]",charging_condition,ola-s1air-om
Ola Electric,S1 Air,supply_installation_requirements,maker_instruction,"The socket and fittings must meet housing safety requirements, earthing included.",Ensure that the electric socket and fittings of the charging area are compliant with housing safety requirements including but not limited to proper earthing. [Printed p3.],charging_condition,ola-s1air-om
Ola Electric,S1 Air,ventilated_charging,maker_instruction,Do not charge in a closed room.,"Do not charge your scooter in closed confined spaces such as a closed room. [Printed p4, under DONT'S.]",charging_condition,ola-s1air-om
Ola Electric,S1 Air,tampering_excluded,warranty_exclusion,Tampering with wiring can void the warranty.,"Don't tamper with components or electrical wirings as it may void your warranty. It might also cause a short-circuit, resulting in fire or electric shock. [Printed p4, under DONT'S.]",charging_exclusion,ola-s1air-om
Ultraviolette,"F77, F77 SuperStreet",manual_guidance_is_binding,warranty_condition,"Cover depends on storing, using and maintaining the bike as the manual says. The charging pages are part of that.","Ultraviolette warrants that motorcycles are free from defects in material and workmanship during the warranty coverage period, provided that the motorcycles are stored, used and maintained in accordance with the USER MANUAL. [Printed p95. This is the clause that pulls the manual's charging and storage sections into the warranty.]",charging_condition,uv-f77-om
BYD India,ATTO 3,full_charge_discharge_calibration,maker_instruction,"Do a full charge and a full discharge every six months or 72,000 km so the pack can re-reference itself. BYD will also test capacity for you.","To keep the power battery in optimal conditions, it should be fully charged and discharged regularly (once every 6 months or 72,000 km, whichever comes first) for self-calibration. A BYD authorized dealer or service provider may also be contacted to carry out capacity testing and calibration. [Printed p159, in a REMINDER box. BYD is the only maker in this dataset asking for a full discharge as well as a full charge, and the only one offering capacity testing.]",charging_interval,byd-atto3-om
BYD India,ATTO 3,full_charge_for_calibration,maker_instruction,"Charging slows near the top because the pack is balancing cells. That is the system working, not a fault.","Battery balancing is enabled before charging is completed to improve service life. In such case, charging time may be prolonged. [Printed p82, under Charging Precautions. BYD runs LFP, and this is the same balancing mechanism JSW MG describes for the Windsor EV.]",charging_interval,byd-atto3-om
BYD India,ATTO 3,quarterly_charge_when_idle,maker_instruction,"If it sits, charge it every three months, and fill it before a long lay-up.","If the vehicle is not expected to be driven for longer periods of time, make sure to fully charge its power battery before use. In case of idle periods, it is recommended to charge the battery every three months in order to prolong its service life. [Printed p82.]",storage_condition,byd-atto3-om
BYD India,ATTO 3,arrive_low_and_warm_for_dc,maker_instruction,Arrive at a DC charger with a low charge and a warm pack. BYD says that is what makes it fast.,"During DC charging, low temperatures and high SOC will reduce the charging current due to the battery's low temperature characteristics. Therefore, to improve charging speed, charging with a low SOC is recommended. To improve charging performance and user experience, charge the vehicle right after use, to take advantage of the battery's higher temperature. [Printed p82. BYD is the only maker here advising owners to arrive at a DC charger with a low state of charge and a warm pack.]",dc_charging_cap,byd-atto3-om
BYD India,ATTO 3,ventilated_charging,maker_instruction,Charge in a ventilated place with nobody sitting in the car.,"The vehicle should be parked in a ventilated area, and there should not be any occupant inside when charging. [Printed p81, under Charging Precautions.]",charging_condition,byd-atto3-om
Mahindra,"BE 6, BE 6 FE, XEV 9e, XEV 9S",certified_public_charger_only,warranty_exclusion,"Use the chargers that came with the car at home, and only ARAI certified AC or DC chargers in public.","Always use the portable and wall-mount chargers supplied with the vehicle for private charging and ARAI certified AC or DC chargers for public charging. [Printed p20, closing the charger exclusion in Terms and Conditions - Standard Warranty. This is the only place in the dataset where a maker names a certification standard for public chargers.]",charging_condition,mahindra-be6
