maker,model_scope,clause_type,clause_text,source_id
Tata Motors,"Nexon.ev, Harrier.ev, Curvv.ev, Punch.ev, Tiago.ev (5 of 8 manuals; NOT Sierra.ev, NOT Tigor.ev, NOT XPRES-T EV)",dc_charging_cap,"Please note: Battery performance and durability can deteriorate if the DC charging is used constantly and it is recommended that use of DC Charging should be minimized in order to help prolong high voltage battery life. Accordingly, after a maximum of four DC / opportunity charging cycles, you must use AC charging to 100% State of Charge for the optimum performance of the high voltage battery pack. [Printed on p333, as a bullet inside the list headed 'Applicability of Lifetime HV Battery Warranty ... exclusively applicable under the following conditions'.]",tata-nexon-om
Tata Motors,"Nexon.ev, Harrier.ev, Curvv.ev (3 of 8 manuals)",charging_pattern_warnings,Vehicle shall not have more than 2 warnings related to EV charging pattern between two service intervals. [Printed on p333 as a condition in the list headed 'Applicability of Lifetime HV Battery Warranty'.],tata-nexon-om
Tata Motors,All Tata EV manuals except Tigor.ev and XPRES-T EV (6 of 8),telematics_required,IRA.ev subscription maintenance is crucial for telemetry data to be transferred back to TPEM to allow visibility of the last steady state of the HV Battery for application of the HV Battery Warranty.,tata-nexon-om
Tata Motors,Nexon.ev,charging_exclusion,"The vehicle / HV battery is subjected to any form of unusual stress, including stress due to improper charging racing; overloading; or other misuse; abuse; or negligent use",tata-nexon-om
Tata Motors,Nexon.ev,who_decides,to be decided at sole discretion of TATA MOTORS PASSENGER ELECTRIC MOBILITY LIMITED,tata-nexon-om
Tata Motors,Nexon.ev,claim_restores_to,"at a value equal to steady state SOH before battery repair / replacement or at 80% SOH, whichever is higher",tata-nexon-om
Tata Motors,All lifetime models,ownership_transfer,It is incumbent on every second (or subsequent) owner to inform TATA MOTORS PASSENGER ELECTRIC MOBILITY LIMITED of the vehicle ownership transfer for HV Battery Warranty to apply.,tata-nexon-om
Mahindra,"BE 6, BE 6 FE, XEV 9e, XEV 9S (all 4 guides)",charging_exclusion,"Defect or damage caused due to: (i) damaged or non-certified charger, or (ii) continuing use of charger after noticing any fault, or (iii) charger exposure to extreme weather conditions, or (iv) opening, tampering or modification of the internal components of the charger, or (v) failure to follow Mahindra's instructions / guidelines with respect to proper charging and charger installation.",mahindra-be6
Mahindra,"BE 6, BE 6 FE, XEV 9e, XEV 9S (all 4 guides)",charging_exclusion,Any electricity surge or electricity dip or any fluctuation while charging the vehicle.,mahindra-be6
Mahindra,"BE 6, BE 6 FE, XEV 9e, XEV 9S (all 4 guides)",who_decides,"Mahindra reserves the right to appoint its own engineer or an independent consultant engineer to inspect the vehicle prior to determine whether any repair or replacement of the part(s) covered, is required.",mahindra-be6
Mahindra,"BE 6, BE 6 FE, XEV 9e, XEV 9S (all 4 guides)",service_condition,Battery is not serviced at a Mahindra Authorised Dealer or by a Mahindra Authorised Service Center during regular maintenance and service as recommended,mahindra-be6
JSW MG Motor India,"ZS EV, Comet EV, Windsor EV (all 3 manuals)",coverage_trigger,"During a capacity check at an Authorised MG EV Dealer if it is determined that battery pack has suffered a capacity drop below acceptable degradation according to the use and ageing of the vehicle, the module below this acceptable degradation will be deemed excessive loss.",mg-zsev
JSW MG Motor India,"ZS EV, Comet EV, Windsor EV (all 3 manuals)",coverage_exclusion,If the degree of degradation of the high-voltage battery is within the normal aging level,mg-zsev
JSW MG Motor India,"ZS EV, Comet EV, Windsor EV (all 3 manuals)",who_decides,JSW MG MOTOR's decision is final and binding on the Owner of the vehicle in all warranty matters.,mg-zsev
JSW MG Motor India,"ZS EV, Comet EV, Windsor EV (all 3 manuals)",charging_exclusion,"2.6.2 Use of improper battery charger, fluids or lubricants.",mg-zsev
Hyundai Motor India,All,battery_disclaimer,"Air Purifier, Batteries, Tyres & Tubes, or any external accessory originally equipped on Hyundai vehicles are warranted directly by the respective manufacturers and not by HMIL.",hyundai-warranty
Hyundai Motor India,All,who_decides,HMIL's decision is final and binding on the Owner of the vehicle in all warranty matters.,hyundai-warranty
Kia India,All EV models,charging_exclusion,"Defects or damage resulting from the use of damaged, non-certified charger; continued use of a faulty charger; exposure of the charger to extreme weather; voltage fluctuation; opening or tampering with charger components; installation of charging infrastructure by an unauthorized electrician/ technician; or failure to follow the charging instructions provided by Kia India",kia-ev-owners
Kia India,"EV6, EV9",coverage_trigger,for capacity loss below 70% of the original high voltage battery capacity,kia-ev6-om
Kia India,"EV6, EV9",claim_restores_to,it will provide the vehicle with a high voltage battery capacity of at least 70% of the original battery capacity,kia-ev6-om
Kia India,All EV models,who_decides,KIN reserves the right for the final decision in all warranty matters,kia-ev-owners
Citroen India,eC3,charging_exclusion,Neglecting to follow correct charging procedures.,citroen-warranty
Citroen India,eC3,charging_exclusion,Use of incompatible charging devices.,citroen-warranty
Citroen India,eC3,coverage_exclusion,Loss of battery capacity due to or resulting from gradual capacity loss is NOT covered under warranty beyond the terms and limits specified.,citroen-warranty
Toyota Kirloskar Motor,BEV range,coverage_trigger,HV Battery for BEV - Minimum 70% of Battery capacity throughout the Warranty Period.,toyota-warranty
Mercedes-Benz India,EQ range,charging_exclusion,chargers that do not meet MB technical specifications as mentioned in Owners manual,mb-eq-warranty
Mercedes-Benz India,EQ range,storage_condition,"The high-voltage battery must be charged at the latest, within 14 days after the state of charge for the high-voltage battery has reached zero",mb-eq-warranty
Mercedes-Benz India,EQ range,baseline_disclosed,The rated capacity of the high-voltage battery at delivery is recorded during vehicle production and documented by the manufacture... The rated capacity documented for the high-voltage battery at delivery is also specified on the label affixed to the high-voltage battery.,mb-eq-warranty
Mercedes-Benz India,EQ range,jurisdiction,"The Courts at Pune, Maharashtra shall have exclusive jurisdiction to decide any dispute/ claim arising under this Battery Certificate.",mb-eq-warranty
Ather Energy,"450X, 450S, Rizta, 450 Apex",coverage_trigger,shall not degrade beyond 30% of the published nominal capacity,ather-warranty
Ather Energy,"450X, 450S, Rizta, 450 Apex",charging_condition,charging the Battery only using charger provided by the Ather,ather-warranty
Ather Energy,"450X, 450S, Rizta, 450 Apex",who_decides,as measured by Ather's standard testing procedure,ather-warranty
Ola Electric,S1 range,commercial_exclusion,"Ola Electric Battery Top-up Warranty Plan is applicable for to all retail customers only, not applicable to commercial and fleet customers",ola-tnc
Ola Electric,S1 range,who_decides,"Battery Health certification will be done by the company only after the scooter has been driven for more than 10,000 kms",ola-tnc
TVS Motor,iQube,who_decides,the Company's decision either to repair or replace the affected parts will be final.,tvs-iqube-om
TVS Motor,iQube,charging_condition,Charge the batteries only using provided charger,tvs-iqube-om
Bajaj Auto,Chetak,charging_exclusion,Any failure arising due to use of non-recommended battery charger,bajaj-chetak-tc
Bajaj Auto,Chetak,charging_exclusion,any damage to the Chetak or the provided equipment due to voltage above 250V rms or malfunction or earthing related issues or any other electrical related issues at charging place,bajaj-chetak-tc
Ampere (Greaves),All,charging_exclusion,Charging the batteries with other brand chargers/non-recommended chargers,ampere-warranty
Ampere (Greaves),All,charging_exclusion,Using unauthorized charging profiles and fast charging options,ampere-warranty
Ampere (Greaves),All,who_decides,The right to determine whether the part needs repair...rests solely with Ampere only.,ampere-warranty
Altigreen,neEV,charging_exclusion,Battery has been charged using a charger not approved by ALTIGREEN,altigreen-warranty
Altigreen,neEV,storage_condition,Battery has not been charged to 100% at least once in 7 days,altigreen-warranty
Altigreen,neEV,storage_condition,Battery has been left at State of Charge less than 5% for more than 7 days,altigreen-warranty
Altigreen / Exponent,neEV TEZ,method_disclosed,Capacity measured on a CC-CV profile with 54A during the constant-current phase. Minimum of 70% of usable capacity after the 3000th cycle.,altigreen-tez
Altigreen / Exponent,neEV TEZ,charging_exclusion,Damage caused on the E-Pack due to power failure surges or other charger related faults while using chargers other than Exponent e^pump,altigreen-tez
BYD India,Atto 3,coverage_exclusion,"The normal attenuation of battery capacity or battery damage caused by human or accidental collision, water immersion, etc. is not included in the scope of this warranty.",byd-atto3-warranty-policy
BYD India,Atto 3,coverage_trigger,"Traction Battery 8 years/160,000 kilometers",byd-atto3-warranty-policy
BYD India,Atto 3,who_decides,"If the Battery or Drive Unit requires warranty repair, BYD will repair the unit, or replace it with a new, reconditioned or re-manufactured part at the sole discretion of BYD. The warranty replacement may not restore the vehicle to a ""like new"" condition.",byd-atto3-warranty-policy
BYD India,Atto 3,coverage_exclusion,"The warranty period of the parts replaced due to product quality problems within the scope of the warranty is the remainder of the warranty period of the replaced parts, that is, it ends with the end of the warranty period of the replaced parts.",byd-atto3-warranty-policy
BYD India,Atto 3,service_condition,"The customer may void this warranty service if you do not follow the specific instructions and recommendations regarding the use and operation of the vehicle provided in Owner's Manual, including, but not limited to: Installing the vehicle's software updates after notification that there is an update available; Complying with any recall advisories; Carrying passengers and cargo within specified load limits; Making all repairs;",byd-atto3-warranty-policy
BYD India,"Atto 3, Seal, eMAX 7, Sealion 7",coverage_trigger,"Model page warranty table publishes the same traction battery term, 8 years / 160,000 km, for the Atto 3, Seal, eMAX 7 and Sealion 7.",byd-atto3
BYD India,Seal,coverage_exclusion,"The normal attenuation of battery capacity or battery damage caused by human or accidental collision, water immersion, etc. is not included in the scope of this warranty.",byd-seal-warranty-policy
BYD India,Seal,coverage_trigger,"Warranty Table for BYD SEAL: Traction Battery 8 years/160,000 kilometers.",byd-seal-warranty-policy
BYD India,Seal,who_decides,"If the Battery or Drive Unit requires warranty repair, BYD will repair the unit, or replace it with a new, reconditioned or re-manufactured part at the sole discretion of BYD. The warranty replacement may not restore the vehicle to a ""like new"" condition.",byd-seal-warranty-policy
BYD India,eMAX 7,coverage_trigger,"Warranty Period of BYD Passenger Vehicles: Traction Battery 8 years/160,000 kilometers.",byd-emax7-booking-warranty
BYD India,"eMAX 7, Sealion 7",coverage_exclusion,"Details refer to the further policies from BYD in its official website, BYD reserves the right to explain these details.",byd-emax7-booking-warranty
BYD India,Sealion 7,coverage_trigger,"Warranty Period of BYD Sealion 7: Traction Battery 8 years/160,000 kilometers.",byd-sealion7-booking-warranty
Tata Motors,XPRES-T EV,coverage_trigger,"This warranty for TATA XPRES-T EV (Inclusive of Battery and Electric Powertrain) shall be for a period of 3 years from the date of sale or 1,25,000km, whichever occurs earlier.",tata-xprest-om
Tata Motors,XPRES-T EV,coverage_exclusion,This warranty shall not cover any inherent normal deterioration of the car or any of its parts arising from the actual use of the car or any damage due to negligent or improper operation or storage of the car.,tata-xprest-om
Tata Motors,XPRES-T EV,who_decides,"Our obligation under this warranty shall be limited to repairing or replacing, free of charge, such parts of the car which, in our opinion, are defective.",tata-xprest-om
Tata Motors,XPRES-T EV,who_decides,"nor shall it apply if, in our opinion which shall be final and binding, the car is subjected to misuse, negligence, improper or inadequate maintenance or accident.",tata-xprest-om
Tata Motors,XPRES-T EV,coverage_exclusion,"The buyer shall have no other rights except those set out above and have, in particular, no right to repudiate the sale, or any agreement or to claim any reduction in the purchase price of the car, or to demand any damages or compensation for losses, incidental or indirect, or inconvenience or consequential damages.",tata-xprest-om
Tata Motors,Sierra.ev; Harrier.ev; Curvv.ev; Nexon.ev 45; Punch.ev 40; Tiago.ev 24,soh_threshold,"In the event the HV Battery falls below minimum 70% of its State of Health (""SOH"") of nominal energy at any time during the warranty period, then TPEM shall either repair / replace the HV Battery",tata-warranty-web
Tata Motors,Sierra.ev; Harrier.ev; Curvv.ev; Nexon.ev 45; Punch.ev 40; Tiago.ev 24,coverage_exclusion,"Unless such gradual loss results in a depreciation of the SOH value for the HV Battery below said threshold of 70%, the HV Battery Warranty being offered herein shall not apply.",tata-warranty-web
Tata Motors,Sierra.ev; Harrier.ev; Curvv.ev; Nexon.ev 45; Punch.ev 40; Tiago.ev 24,term_definition,"The term 'Lifetime' refers to the period of fifteen years from the first date of registration of the vehicle at the local regional transport office, in accordance with the Motor Vehicles Act, 1988.",tata-warranty-web
Tata Motors,Sierra.ev; Harrier.ev; Curvv.ev; Nexon.ev 45; Punch.ev 40; Tiago.ev 24,coverage_exclusion,"This warranty does not extend to non-private registrations, including vehicles used for display, demonstration, test drives, courtesy purposes, commercial operations, fleet management, taxi services, or other company vehicle uses.",tata-warranty-web
Tata Motors,Sierra.ev; Harrier.ev; Curvv.ev; Nexon.ev 45; Punch.ev 40; Tiago.ev 24,coverage_exclusion,"NOT_ADDRESSED: the extended warranty page lists nine covered systems and the high voltage battery is not among them. It directs the reader to a Digital Extended Warranty Booklet available from a workshop, which is not published. Read 29 September 2026.",tata-extended-warranty
Mahindra,XUV400,coverage_term,"BATTERY PACK AND MOTOR WARRANTY: 8 YEARS OR 1,60,000 KM*",mahindra-xuv400-brochure
Mahindra,XUV400,coverage_term,VEHICLE WARRANTY: 3 YEARS OR UNLIMITED KM*,mahindra-xuv400-brochure
Mahindra,XUV400,coverage_term,*whichever is earlier,mahindra-xuv400-brochure
VinFast,"VF MPV7, Limo Green",coverage_term,"Vehicle Warranty - 7 years or 1,60,000 km (whichever comes early). Battery Warranty - 10 years or 2,00,000 km (whichever comes early).",vinfast-mpv7-brochure
VinFast,"VF 6, VF 7, VF MPV7, Limo Green",soh_threshold,"NO_FIGURE_IN_DOCUMENT. None of the four brochures states a capacity retention threshold. VinFast publishes the usable capacity, which is the denominator every other maker's threshold lacks, and states no threshold to apply it to.",vinfast-mpv7-brochure
Toyota Kirloskar Motor,Urban Cruiser Ebella,charging_interval,"This vehicle has an automatic maintenance function that works when the high voltage battery is fully charged. To maintain the high voltage battery performance, fully charge the battery once a week. However, if the vehicle is not used for an extended period of time, refrain from storing the high voltage battery fully charged to prevent deterioration. [Printed p79 and repeated p82, in a NOTICE box under the heading 'High voltage battery (lithium-ion battery)'.]",toyota-ebella-om
Toyota Kirloskar Motor,Urban Cruiser Ebella,storage_condition,"If the vehicle is not used for an extended period of time, charge the high voltage battery at least once a month to prevent it from becoming extremely undercharged. Do not fully charge the high voltage battery to prevent deterioration and charge it before the low high voltage battery warning light lights. [Printed p79, under the heading 'If the vehicle is not used for an extended period of time'.]",toyota-ebella-om
Toyota Kirloskar Motor,Urban Cruiser Ebella,charging_condition,"To prevent the 12-volt battery from losing power, do not leave the charging cover open or the charging cable connected to the vehicle. [Printed p79, chapter 2 Electric vehicle system.]",toyota-ebella-om
Toyota Kirloskar Motor,Urban Cruiser Ebella,charging_condition,"If the vehicle will be unused for a long period of time, pull the plug out of the power outlet. [Printed p106, step 4 of the procedure 'When disconnecting the AC charging connector'.]",toyota-ebella-om
Toyota Kirloskar Motor,Urban Cruiser Ebella,dc_charging_cap,"To prevent a drop off in battery capacity, keep the following points in mind. Avoid parking the vehicle in a hot, sunny location when it is fully charged. No frequent acceleration and deceleration when driving. Avoid driving near the maximum speed. Use charging schedule to fully charge the battery before you start driving. Avoid frequent DC charging. [Printed p101, under the heading 'Decreased high voltage battery capacity'.]",toyota-ebella-om
Toyota Kirloskar Motor,Urban Cruiser Ebella,dc_charging_cap,"To prevent a decrease in the high voltage battery capacity, you are recommended to avoid frequent DC charging. [Printed p109, in the WARNING list headed 'While DC charging'.]",toyota-ebella-om
Toyota Kirloskar Motor,Urban Cruiser Ebella,charging_condition,"Connect the charging cable specified by Toyota or the manufacturer of the equipment for charging to the charging inlet. [Printed p11, under the sub-heading 'Charging inlet'.]",toyota-ebella-om
Toyota Kirloskar Motor,Urban Cruiser Ebella,charging_pattern_warnings,"CHARGE 100% FOR MORE EFFICIENT HV BATTERY USAGE. The vehicle is being used repeatedly without fully charging the high voltage battery. Fully charge the battery. To maintain the high voltage battery performance, it is recommended to fully charge the battery once a week. [Printed p176, in the table of meter display messages. This is a message the owner can read on the dashboard.]",toyota-ebella-om
Maruti Suzuki,e VITARA,charging_interval,"This vehicle has an automatic maintenance function that works when the traction battery is fully charged. To maintain the traction battery performance, fully charge the battery once a week. However, if the vehicle is not used for an extended period of time, refrain from storing the traction battery fully charged to prevent deterioration. [Printed p88, in a NOTICE box under the heading 'Traction battery (lithium-ion battery)'.]",maruti-evitara-om
Maruti Suzuki,e VITARA,storage_condition,"If the vehicle is not used for an extended period of time, charge the traction battery at least once a month to prevent it from becoming extremely undercharged. Do not fully charge the traction battery to prevent deterioration and charge it before the low traction battery warning light lights. [Printed p85, under the heading 'If the vehicle is not used for an extended period of time'.]",maruti-evitara-om
Maruti Suzuki,e VITARA,storage_condition,"Do not store the vehicle in areas with extremely high or low outside temperatures. In midsummer, you can keep the lithium-ion battery longer by parking in the shade rather than in the blazing sun. [Printed p88, NOTICE box.]",maruti-evitara-om
Maruti Suzuki,e VITARA,dc_charging_cap,"To prevent a drop off in battery capacity, keep the following points in mind. Avoid parking the vehicle in a hot, sunny location when it is fully charged. No frequent acceleration and deceleration when driving. Avoid driving at or around the maximum speed. Use timer charging to fully charge the battery before you start driving. Avoid frequent DC charging. [Printed p107, under the heading 'Decreased traction battery capacity'.]",maruti-evitara-om
Maruti Suzuki,e VITARA,dc_charging_cap,"To prevent a decrease in the traction battery capacity, you are recommended to avoid frequent DC charging. [Printed p114, in the WARNING list headed 'While DC charging'.]",maruti-evitara-om
Maruti Suzuki,e VITARA,charging_condition,"Pull the power plug out of the power outlet. Dust can accumulate on the power plug or outlet and cause overheating or fire. Store the AC charging cable in a dry place. [Printed p424, NOTICE box under the heading 'If the AC charging cable will be unused for a long period of time'.]",maruti-evitara-om
Maruti Suzuki,e VITARA,charging_condition,"Even if the charging cable is a Maruti Suzuki genuine AC charging cable, it may not be possible to use it if it is designed for another model or a different year model. [Printed p94, under the heading 'AC charging cable'.]",maruti-evitara-om
Maruti Suzuki,e VITARA,charging_pattern_warnings,"CHARGE 100% FOR MORE EFFICIENT HV BATTERY USAGE. The vehicle is being used repeatedly without fully charging the traction battery. Fully charge the battery. To maintain the traction battery performance, it is recommended to fully charge the battery once a week. [Printed p179, in the table of meter display messages. This is a message the owner can read on the dashboard.]",maruti-evitara-om
Mahindra,"BE 6, BE 6 FE, XEV 9e",dc_charging_cap,"Allow AC charging up to 100% State of Charging (""SOC"") once in every 4 fast charge (DC) cycles. [Printed p23, under ""Care instruction while leaving the Vehicle idle for long duration - For preventing damage to the Battery:"". Identical in the BE 6, BE 6 FE and XEV 9e guides.]",mahindra-be6
Mahindra,XEV 9S,dc_charging_cap,"Allow AC charging up to 100 % State of Charging (""SOC"") once after 4 fast charge (DC) cycles. [Printed p23. The XEV 9S guide says ""once after 4"" where the other three say ""once in every 4"".]",mahindra-xev9s
Mahindra,"BE 6, BE 6 FE, XEV 9e, XEV 9S",dc_charging_cap,"The use of fast charging should be minimized to help prolong life of the Battery. [Printed p23, same list. Identical in all four guides.]",mahindra-be6
Mahindra,"BE 6, BE 6 FE, XEV 9e, XEV 9S",storage_condition,"Vehicle stopped due to over discharge of Battery and is not plugged for charge within 24 hours from time of stoppage. [Printed p22, in the list headed ""In addition to the EXCLUSIONS TO WARRANTY listed above, the Battery warranty will be null and void if:"". Identical in all four guides.]",mahindra-be6
Mahindra,"BE 6, BE 6 FE, XEV 9e, XEV 9S",charging_condition,"Vehicle missing any of Battery service requirements as specified or not adhering to the conditions set out above, or not adhering to conditions mentioned in the Vehicle Manual, will forfeit warranty on Battery. [Printed p22, closing the null-and-void list. This is what turns the page 23 care instructions into warranty conditions.]",mahindra-be6
Mahindra,"BE 6, BE 6 FE, XEV 9e, XEV 9S",storage_condition,"Do not drain the Battery to less than 5% state of charge frequently, as deep discharges can harm to the Battery health. [Printed p23. Grammatical error is the maker's.]",mahindra-be6
Mahindra,"BE 6, BE 6 FE, XEV 9e, XEV 9S",storage_condition,"While the vehicle is idle, ensure to charge the vehicle to at least 30% to 40% SOC at least once in two months, to prevent deep discharge. [Printed p23.]",mahindra-be6
Mahindra,"BE 6, BE 6 FE, XEV 9e, XEV 9S",storage_condition,Never leave the vehicle idle for more than 6 months at a time. [Printed p23.],mahindra-be6
Mahindra,"BE 6, BE 6 FE, XEV 9e, XEV 9S",charging_condition,Avoid vehicle charging and parking in extreme ambient temperatures (hot or cold). [Printed p23.],mahindra-be6
Mahindra,"BE 6, BE 6 FE, XEV 9e, XEV 9S",charging_condition,"Do not charge the vehicle, if the power socket/charge port is damaged or exposed to rain or water. [Printed p23.]",mahindra-be6
JSW MG Motor India,Windsor EV,dc_charging_cap,"Slow AC charging till 100% SoC is recommended at least once a 15 Days or after every 4 fast DC/opportunity charging cycles whichever is earlier, for SoC calibration & cell balancing. [Printed p3-16, under ""Charging tips"". Spacing and grammar are the maker's.]",mg-windsor-om
JSW MG Motor India,Windsor EV,charging_interval,"Cell balancing and equalization, as well as state of charge (SoC) calibration, occur during charging, particularly when the SoC is above 90%. This results in longer charging times when exceeding 90%. It is recommended to allow the vehicle to charge to 100% SoC before ending the charging session. [Printed p3-17, under ""Cell Balancing & equalization"".]",mg-windsor-om
JSW MG Motor India,Windsor EV,charging_interval,"It is recommended to charge the vehicle to 100%, whenever vehicle is being charged. [Printed p3-16, under ""Charging tips"".]",mg-windsor-om
JSW MG Motor India,Windsor EV,charging_interval,"After you receive the vehicle, make sure to fully charge the HV battery to 100% before it drops below 30% to keep it in good condition. [Printed p1-2.]",mg-windsor-om
JSW MG Motor India,Windsor EV,charging_interval,"It is recommended to fully charge the battery at least once every two weeks when using the vehicle regularly for maintenance. [Printed p1-3, under ""Battery maintenance"".]",mg-windsor-om
JSW MG Motor India,Windsor EV,storage_condition,"Before storing the vehicle for an extended period (over one month), ensure the battery is charged to more than 50%. After prolonged parking, perform charging maintenance at least once a month. This involves fully charging the vehicle using AC slow charging, then discharging it to between 40% and 60% before parking again. Failure to maintain the battery as recommended could lead to vehicle issues caused by over-discharge, which may not be covered under warranty. [Printed p1-4, in a WARNING box.]",mg-windsor-om
JSW MG Motor India,Windsor EV,charging_condition,"Avoid driving vehicle below 10% SOC. [Printed p3-16, under ""Charging tips"".]",mg-windsor-om
JSW MG Motor India,Windsor EV,charging_condition,"Do not charge the vehicle in thunder and lightning conditions, and do not charge in the open air on rainy days. Otherwise, it may damage the charging equipment, or cause lightning strike and electric shock. [Printed p3-16, in a DANGER box.]",mg-windsor-om
JSW MG Motor India,M9,charging_condition,"The wiring of the socket should be correct (live wire, neutral wire and earth wire), and the earth wire should be reliably earthed. Transfers using adapters, reels, power strips, etc. are prohibited. [Printed p3-3.]",mg-m9-om
Kia India,"Carens Clavis EV, EV9",dc_charging_cap,"If the HV battery is only charged to 80%, and you minimise the number of DC fast charging, you can keep the HV battery performance in optimal condition. [Printed p7-4 of the Carens Clavis EV manual and the equivalent page of the EV9 manual. The Kia Syros EV manual was checked for this sentence and does not carry it.]",kia-clavis-om
Kia India,"Carens Clavis EV, EV9",charging_condition,AC (L2-Normal) charging is recommended to keep the high voltage battery in optimal condition. [Printed p7-4.],kia-clavis-om
Kia India,"Carens Clavis EV, EV9",storage_condition,"If the vehicle will not be in use for an extended period of time, charge the high voltage battery once every three months to prevent it from discharging. Also, if the charge amount is not enough, immediately charge to full before leaving the vehicle. [Printed p7-4.]",kia-clavis-om
Kia India,"Carens Clavis EV, EV9",storage_condition,"Make sure that the HV battery charge gauge does not reach E (Empty). If the vehicle is kept at E (Empty) for a long period, it may damage the high voltage battery and the high voltage battery may have to be replaced, depending on the level of degradation. [Printed p7-5, in a CAUTION box.]",kia-clavis-om
Kia India,"Carens Clavis EV, EV9",charging_condition,"Make sure to use a designated charger when charging the HV battery. Using different types of chargers may have a serious impact on vehicle durability. [Printed p7-5, in a CAUTION box.]",kia-clavis-om
Kia India,"Carens Clavis EV, EV9",charging_condition,"Only use the charging cable (if equipped) certified by Kia. Using a separate extension cable, such as a reel or an uncertified cable, may cause abnormalities in electrical outlets, leading to fire or explosion. [Printed p7-32, under ""Precautions for charging electric vehicle"".]",kia-clavis-om
Hyundai Motor India,"IONIQ 5 (Oct 2022 to Apr 2026), Kona Electric",dc_charging_cap,Use of DC charge should be minimized in order to help prolong high voltage battery life. [Printed p2-20 of the IONIQ 5 manual and p H13 of the Kona Electric manual. Identical sentence in both.],hyundai-ioniq5-om-2022
Hyundai Motor India,"IONIQ 5 (Oct 2022 to Apr 2026), Kona Electric",charging_interval,"AC charge is recommended to keep the high voltage battery in optimal condition. If the high voltage battery charge amount is below 20%, you can keep the high voltage battery performance in optimal condition if you charge the high voltage battery to 100%. (Once a month or more is recommended.) [Printed p2-5 of the IONIQ 5 manual.]",hyundai-ioniq5-om-2022
Hyundai Motor India,IONIQ 5 (May 2026 onward),storage_condition,"If you do not use the vehicle for a long time, charge the vehicle at least once every 3 months to prevent the battery from fully discharging. [Printed p1-10. This edition replaces the below-20-percent wording of the earlier IONIQ 5 manual.]",hyundai-ioniq5-om-2026
Hyundai Motor India,IONIQ 5 (May 2026 onward),charging_condition,"Use specified electric vehicle charger only. Failure to do so may damage the charger, charging cable, or vehicle. Also, it may lead to safety hazards, such as fire, explosion, etc. [Printed p1-13, in a WARNING box.]",hyundai-ioniq5-om-2026
Mercedes-Benz India,"EQA, EQS SUV",charging_interval,"THE FOLLOWING FACTORS COULD ACCELERATE THE AGEING OF THE HIGH-VOLTAGE BATTERY: frequently fully charging (charge level 100%) the high-voltage battery, especially when this process is not directly followed by a journey; frequent rapid charging with direct current (mode 4); leaving the vehicle idle for lengthy periods at high ambient temperatures. [Printed p287 of the EQA manual, under a boxed note. Capitalisation is the maker's.]",mercedes-eqa-om
Mercedes-Benz India,"EQA, EQS SUV",storage_condition,"In the case of longer idle periods: Park the vehicle with the high-voltage battery at a state of charge between 30 % and 50 %. Do not permanently connect the high-voltage battery to power supply equipment. Avoid high outside temperatures as far as possible. [Printed p288 of the EQA manual and p355 of the EQS SUV manual, under ""RECOMMENDATIONS WHEN HANDLING THE HIGH-VOLTAGE BATTERY"".]",mercedes-eqa-om
Mercedes-Benz India,"EQA, EQS SUV",storage_condition,"If the outside temperature is above 10 °C, park the vehicle overnight with a state of charge below 20 % every six months. [Printed p288 of the EQA manual and p355 of the EQS SUV manual.]",mercedes-eqa-om
Mercedes-Benz India,"EQA, EQS SUV",storage_condition,Check the high-voltage battery's state of charge every six weeks. [Printed p288 of the EQA manual.],mercedes-eqa-om
Ather Energy,"450X, 450S, 450 Apex, Rizta S, Rizta Z, Konarc S",storage_condition,"Charge your scooter every 100 days. It's a must, even if the scooter is in Shutdown Mode. This prevents permanent damage to the battery pack. [Printed p38, in a CAUTION box under ""Scooter shutdown"".]",ather-450x-qsg
Ather Energy,"450X, 450S, 450 Apex, Rizta S, Rizta Z, Konarc S",storage_condition,"If you are not using your scooter for more than 5 days, leave it in Shutdown Mode to prevent battery drain. [Printed p40, under ""THINGS TO KEEP IN MIND WHEN NOT IN USE"".]",ather-450x-qsg
Ather Energy,"450X, 450S, 450 Apex, Rizta S, Rizta Z, Konarc S",charging_condition,"Always use the original charger provided by Ather to charge your vehicle. Avoid using 3rd party chargers. [Printed p40, under ""EXTEND YOUR BATTERY LIFE"". Fuller than the warranty policy wording, which does not mention third party chargers.]",ather-450x-qsg
VinFast,VF 7,storage_condition,"If the vehicle is not going to be used for an extended period of time (long storage), please charge vehicle to 80%. Monthly check to ensure that the High Voltage Battery SOC is always above 30%. [Battery & Charging, Battery Information, under the heading 'Battery Care'.]",vinfast-vf7-om
VinFast,VF 7,storage_condition,"During storage, the vehicle should not be exposed to ambient temperatures exceeding 35°C or falling below 0°C for extended periods. If extreme temperatures are anticipated, it is recommended to store the vehicle in a climate-controlled garage. Not adhering to these guidelines may result in permanent degradation of the High Voltage Battery's performance. [Battery & Charging, Battery Information, under the heading 'Temperature Limits'.]",vinfast-vf7-om
VinFast,VF 7,dc_charging_cap,"The use of Super Fast Charge Stations should be minimized to ensure the optimal lifetime performance of the battery. [Battery & Charging, Charging Instructions, in a NOTE box.]",vinfast-vf7-om
VinFast,VF 7,charging_condition,"Although the High Voltage battery is maintenance free, it is important to always be aware of the battery state of charge and never allow the battery to fully discharge. [Battery & Charging, Battery Information, under the heading 'Battery Care'.]",vinfast-vf7-om
Volvo India,XC40 Recharge Pure Electric,charging_interval,"The traction battery can sustain damage if the car's battery level is kept very high for a long period of time. For regular charging, battery wear can be reduced by selecting a target battery level lower than 100%. Only charge to 100% if the full range is needed for your next trip. [Under the heading 'High state of charge', in an Important box.]",volvo-xc40-battery-health
Volvo India,XC40 Recharge Pure Electric,dc_charging_cap,AC charging is the recommended charging mode for everyday charging. This helps maintain the condition of the battery over time. DC charging causes more wear. [Under the heading 'Charging habits'.],volvo-xc40-battery-health
Volvo India,XC40 Recharge Pure Electric,storage_condition,"When leaving your car parked for longer than one month, the recommended battery level is 40-60%. Use or charge the car to reach the recommended level. If you are leaving the car parked for longer than three months, it's recommended to keep it plugged in but set a battery charging limit of 50%. This is for better battery health. [Under the heading 'Long-term parking'.]",volvo-xc40-battery-health
Volvo India,XC40 Recharge Pure Electric,storage_condition,"The traction battery can sustain severe damage if it is not charged after the battery level reaches 0%. The car draws a small amount of power when parked. Therefore, leaving the car with a low battery level without charging can lead to a flat battery and battery damage. If the battery level is below 20% when parked, it is recommended that the car is connected for charging as soon as possible. [Under the heading 'Low battery level and flat battery', in an Important box.]",volvo-xc40-battery-health
Volvo India,XC40 Recharge Pure Electric,storage_condition,"Avoid exposing the car to extreme temperatures. Avoid leaving the car parked for longer than 24 hours if the temperature is at risk of reaching 55 °C (131 °F). [Under the heading 'Parking in hot weather', in an Important box.]",volvo-xc40-battery-health
Hyundai Motor India,Creta Electric,storage_condition,"Keep the gauge of the high voltage battery from going below than 10 %. Storing the vehicle whilst the battery level is low for a long time may damage the battery or reduce the battery's capacity, potentially causing the need for a battery replacement. [Printed p1-8, in a CAUTION box under ""Precautions when using the high voltage battery"".]",hyundai-creta-om
Hyundai Motor India,Creta Electric,charging_interval,"To keep the battery in optimal condition, use AC charging. Fully charging the battery when it is 20 % or lower helps to keep the battery in optimal condition. Charging once a month or more is recommended. [Printed p1-8.]",hyundai-creta-om
Hyundai Motor India,Creta Electric,dc_charging_cap,"Battery performance and life may deteriorate if the DC charger is used constantly. Use of DC charging should be minimised in order to help prolong high voltage battery life. Use AC charging unless DC charging is necessary. [Printed p1-15 and repeated p1-25, in CAUTION boxes. The third sentence is the strongest Hyundai India wording and does not appear in the IONIQ 5 or Kona manuals.]",hyundai-creta-om
Hyundai Motor India,Creta Electric,dc_charging_cap,Repeated use of a DC charger may cause a decrease in the life of the high voltage battery. [Printed p1-8.],hyundai-creta-om
Hyundai Motor India,Creta Electric,storage_condition,"If you do not use the vehicle for a long time, charge the vehicle at least once every 3 months to prevent the battery from fully discharging. When the battery level has lower power, immediately charge the vehicle. [Printed p1-8.]",hyundai-creta-om
Hyundai Motor India,Creta Electric,storage_condition,Storing the vehicle in temperatures that are too hot or cold may degrade the battery performance. [Printed p1-8.],hyundai-creta-om
Hyundai Motor India,Creta Electric,charging_condition,"Use specified electric vehicle charger only. Failure to do so may damage the charger, charging cable, or vehicle. Also, it may lead to safety hazards, such as fire, explosion, etc. [Printed p1-11, in a WARNING box.]",hyundai-creta-om
Hyundai Motor India,Creta Electric,charging_condition,"Using the V2L function may reduce the driving distance due to the use of the high voltage battery energy, and repeated use of the V2L function may cause a decrease in the life of the high voltage battery. [Printed p1-8.]",hyundai-creta-om
Hyundai Motor India,Kona Electric,coverage_term,"The warranty on High Voltage Battery shall exist for a period of 96 months/160,000 kms whichever is earlier from the date of delivery to the first purchaser. [Printed in the Hyundai Warranty Policy inside the owner's manual, pdf p72, under '1. Warranty period'.]",hyundai-kona-om
Hyundai Motor India,Kona Electric,coverage_exclusion,"If the degree of degradation of the high-voltage battery is within the normal aging level according to the use of the vehicle. [Printed pdf p72, in the list headed '3. What is not covered'.]",hyundai-kona-om
Hyundai Motor India,Kona Electric,method_disclosed,"The criterion for normal aging of high-voltage battery conforms to our internal quality standards. [Printed pdf p72, immediately under the normal aging exclusion. Hyundai states that a criterion exists and that it is internal. No percentage is published anywhere in the manual.]",hyundai-kona-om
Hyundai Motor India,Kona Electric,who_decides,HMIL reserves the right for the final decision in all warranty matters. [Printed pdf p74.],hyundai-kona-om
Hyundai Motor India,Kona Electric,charging_exclusion,"Use of improper battery charger, fluids or lubricants. [Printed pdf p72, under '3. What is not covered'. Word for word the same clause JSW MG prints for the ZS EV, Comet EV and Windsor EV.]",hyundai-kona-om
Hero MotoCorp,All VIDA models,storage_condition,"Please keep your vehicle SOC > 80% when you intend to keep stored for long periods of time without using, but we recommend you to keep on checking the SOC levels on a weekly basis and not leave the vehicle unmonitored for more than 100 days at a continuous stretch. [Section 11.a General with Long Storage Guidelines, in a CAUTION box.]",vida-battery-general
Hero MotoCorp,All VIDA models,storage_condition,"Failure to comply with above instructions will likely cause permanent damage the battery and void the warranty. [Section 11.a, closing the CAUTION box that contains the above 80 percent storage instruction. Grammatical error is the maker's.]",vida-battery-general
Hero MotoCorp,All VIDA models,charging_interval,We recommend 5 Day Hibernation for Lithium-Ion Batteries for optimum performance. Post that recharge your Li-Ion Battery. [Section 11.a.],vida-battery-general
Hero MotoCorp,All VIDA models,coverage_term,"Battery electric output auto-stopping function | The battery is equipped with a function to prevent further use in case of excessive depletion. When eight years have passed post initial battery charging (at OEM end) and/or the accumulated charging amount reaches 14000 Ah, the traction battery will no longer be usable. [Section 11.b Warning about Scrapping Traction batteries.]",vida-battery-scrapping
Hero MotoCorp,All VIDA models,charging_interval,"When the battery is replaced with a new one, fully charge the battery once before using it. If the battery is not fully charged, the battery SOC does not show the precise battery level. [Section 11.b.]",vida-battery-scrapping
TVS Motor,Orbiter,storage_condition,"Do not leave your vehicle without charging for a long period of time (Vehicles should be charged to 30% SOC atleast once in 15 days). [Printed p14, in the Warning list under SAFE RIDING TIPS.]",tvs-orbiter-om
TVS Motor,X,storage_condition,Do not leave your vehicle without charging for a long period of time (Vehicles should be charged to 50% SOC atleast once in 15 days). [Printed p41. The TVS X figure is 50 percent where the Orbiter manual says 30 percent.],tvs-x-om
TVS Motor,Orbiter,storage_condition,"Do not expose battery to temperature above 60°C. [Printed p14, in a Caution box.]",tvs-orbiter-om
TVS Motor,Orbiter,charging_condition,"Any electrical work should be performed by authorized electrician only. Failure to do so might result in sever injury or risk to life. [Printed p45 of the Orbiter manual, in a Caution box under CHARGING THE VEHICLE. 'sever' is the maker's spelling. The TVS X manual prints the same sentence with 'severe'.]",tvs-orbiter-om
TVS Motor,X,charging_condition,"Any electrical work should be performed by authorized electrician only. Failure to do so might result in severe injury or risk to life. [Printed p42 of the TVS X manual, in a Caution box. The Orbiter manual prints the same sentence but spells it 'sever'.]",tvs-x-om
TVS Motor,Orbiter,charging_condition,Good to do for charging the vehicle at your home: 1. Ensure that domestic wiring is properly grounded. 2. Ensure that socket is having earth connection. 3. Use 16A socket with MCB for charging (Charger will work in 5A socket also). 4. Install surge protector / voltage regulator. [Printed p46.],tvs-orbiter-om
TVS Motor,Orbiter,charging_condition,"Domestic wiring earthing is must to avoid electrical shock on charger body [Printed p46, in the list headed Must do for charging the vehicle at your home.]",tvs-orbiter-om
TVS Motor,X,charging_condition,"Input AC voltage should be within the range of 220 to 240V. Need to ensure proper earth connection in the AC domestic power socket. Plug the charger in Single phase AC domestic socket only. Do not use extension box to charge the vehicle for safety purpose. [Printed p43, in a Warning box.]",tvs-x-om
River,Indie,storage_condition,"To maintain good battery health, please charge your vehicle up to 100% once in 60 days even if it has been kept in sleep mode. Failing to do so may result in voiding your warranty. [Printed p77 of the Gen 3 manual, in a CAUTION box. The Gen 1 and Gen 2 manuals carry the same sentence with 90 days in place of 60.]",river-indie-om-gen3
River,Indie,storage_condition,"To maintain good battery health, please charge your vehicle up to 100% once in 90 days even if it has been kept in hibernation mode. Failing to do so may result in voiding your warranty. [Printed p26 of the Gen 1 manual, in a CAUTION box. Superseded by the 60 day wording in the Gen 3 manual.]",river-indie-om-gen1
River,Indie,coverage_exclusion,"If the vehicle is stored with insufficient charge for a long period of time, it may degrade the battery and the battery may have to be replaced based on the level of degradation. In such cases, warranty shall not be covered. [Printed p23 of the Gen 3 manual, in a NOTICE box. The Gen 1 manual carries the same sentence without the final clause about warranty.]",river-indie-om-gen3
River,Indie,charging_condition,"Ensure that you are getting less than 3V, using a multimeter across the Neutral and Earth. [Printed p85 of the Gen 3 manual, under Setting up your environment. The Gen 1 manual carries the same check.]",river-indie-om-gen3
River,Indie,charging_condition,It is recommended to use an AC supply provided through a voltage protector (such as: LINK or equivalent) and circuit breakers (such as: LINK or equivalent). Any out-of-bound surges or grid faults may result in irreparable damages to the charger. [Printed p85 of the Gen 3 manual. Absent from the Gen 1 manual.],river-indie-om-gen3
River,Indie,charging_condition,"Do not attempt to do the above by yourself. Contract an electrician to install the same and provide the above guidelines. [Printed p30 of the Gen 1 manual, in a DANGER box following the earthing and voltage checks.]",river-indie-om-gen1
Ultraviolette,"F77, F77 SuperStreet",charging_condition,"Battery Maintenance: To maintain the battery's longevity and performance, adhere strictly to the charging and maintenance guidelines provided. Failure to follow these guidelines may result in reduced battery life and can void the warranty. [Printed p17, under Battery Maintenance. This is what makes the charging sections of this manual warranty-binding rather than advisory.]",uv-f77-om
Ultraviolette,"F77, F77 SuperStreet",dc_charging_cap,"Charging Limits. Adjust the charging limit (80%, 90%, 100%) via Controls > Energy section in the Ultraviolette App. Ultraviolette recommends setting a 90% charging limit to ensure that regenerative braking remains operational. [Printed p48. The stated reason for the limit is keeping regen available, not battery ageing.]",uv-f77-om
Ultraviolette,"F77, F77 SuperStreet",storage_condition,"Avoid prolonged storage of the motorcycle at a high level of charge to avoid battery cell degradation. [Printed p47, under Battery Life.]",uv-f77-om
Ultraviolette,"F77, F77 SuperStreet",storage_condition,"Store indoors in a cool, dry location away from direct sunlight. Switch on the motorcycle for a minimum of 30 minutes every 10 days to charge the auxiliary battery. Activate Deep Sleep Mode if the motorcycle will not be used for more than 10 days. Maintain a minimum 50%-60% State of Charge (SoC) if storing for more than 30 days. Failure to follow these storage guidelines may affect the motorcycle's performance and warranty coverage. [Printed p74, under Storage Guidelines.]",uv-f77-om
Ultraviolette,"F77, F77 SuperStreet",charging_condition,DO NOT leave the charger plugged in to the motorcycle during long term parking as it can affect charger and battery pack health. [Printed p74.],uv-f77-om
Ultraviolette,"F77, F77 SuperStreet",storage_condition,"For enhanced battery longevity, activate Deep Sleep when the SoC is between 50% - 60%. Deep Sleep Mode is recommended if the motorcycle will remain unused for 30 days or more. [Printed p41.]",uv-f77-om
Ultraviolette,"F77, F77 SuperStreet",charging_condition,Charging does not occur if the temperature exceeds 50°C. [Printed p48.],uv-f77-om
Ultraviolette,"F77, F77 SuperStreet",charging_condition,"Ensure to charge the motorcycle battery pack in a well-ventilated environment, at least 20 meters away from combustible substances. [Printed p47.]",uv-f77-om
Ultraviolette,X-47,coverage_term,"BATTERY & DRIVETRAIN WARRANTY. UV CARE MAX: 8 years or 8,00,000 km (optional). [Printed p20, in the technical data sheet. The standard cover is UV Care Plus at 5 years or 1,00,000 km. The 800,000 km figure is an optional paid plan and is the highest distance figure in this dataset by a wide margin.]",uv-x47-om
Ultraviolette,X-47,storage_condition,"Not following these storage instructions may affect motorcycle's performance and could void your warranty. [Printed p108, closing the Storage Guidelines, which carry the same 50 to 60 percent SoC rule as the F77 manual.]",uv-x47-om
Ola Electric,S1 Air,storage_condition,"Ensure that the battery is charged to 100% at least once in 30 days to maintain battery health. [Printed p3, under IMPORTANT THINGS TO KEEP IN MIND. Read from the rendered page by eye.]",ola-s1air-om
Ola Electric,S1 Air,storage_condition,"If not using your scooter for long, keep charging it every week or activate the vacation mode to avoid complete discharge. [Printed p3. Note this sets a weekly interval while the bullet two lines below sets a 30 day one.]",ola-s1air-om
Ola Electric,S1 Air,charging_condition,"Extended or repeated driving at low battery level may impact battery health. If your battery level is low, charge as soon as possible. [Printed p3.]",ola-s1air-om
Ola Electric,S1 Air,charging_condition,Ensure that the electric socket and fittings of the charging area are compliant with housing safety requirements including but not limited to proper earthing. [Printed p3.],ola-s1air-om
Ola Electric,S1 Air,charging_condition,"Do not charge your scooter in closed confined spaces such as a closed room. [Printed p4, under DONT'S.]",ola-s1air-om
Ola Electric,S1 Air,charging_exclusion,"Don't tamper with components or electrical wirings as it may void your warranty. It might also cause a short-circuit, resulting in fire or electric shock. [Printed p4, under DONT'S.]",ola-s1air-om
Ola Electric,S1 Air,term_definition,"Refer to the latest version of Owner's manual in the Ola Electric app for information on latest features and technologies, as they are subject to change. [Printed p3. The printed manual is not the authoritative version, and the owner is told the terms can change.]",ola-s1air-om
Bajaj Auto,Chetak C35 and C30 series,coverage_term,"5 YEARS EXTENDED WARRANTY* ... *T&C Apply [Printed p1 and p4 of the brochure. No terms, conditions or exclusions are printed anywhere in the document, and the asterisk has no other footnote. Standard Warranty is given as 3 Yrs, 50 000 km with no conditions attached.]",bajaj-chetak-c35-brochure
Ultraviolette,"F77, F77 SuperStreet",coverage_term,"The SRB10 Battery Pack, Motor and Controller are covered under warranty for 5 year/ 100,000 Kms, earlier of either. [Printed p95, Warranty Policy.]",uv-f77-om
Ultraviolette,"F77, F77 SuperStreet",coverage_trigger,"Ultraviolette warrants that motorcycles are free from defects in material and workmanship during the warranty coverage period, provided that the motorcycles are stored, used and maintained in accordance with the USER MANUAL. [Printed p95. This is the clause that pulls the manual's charging and storage sections into the warranty.]",uv-f77-om
Ultraviolette,"F77, F77 SuperStreet",coverage_exclusion,"Use of the Motorcycle in other than the normal and customary manner in non-compliance with the User's Manual. [Printed p95, under Exclusions from Warranty.]",uv-f77-om
Ultraviolette,"F77, F77 SuperStreet",jurisdiction,"Ultraviolette Automotive Private Limited reserves the right to change and withdraw any clause of Warranty policy without prior information or notification. [Printed p97, closing the Warranty Policy.]",uv-f77-om
Citroen India,e-C3X,coverage_term,"WARRANTY. Battery 7 years / 140,000 km (whichever is earlier)#. Electric motor 5 years / 100,000 km (whichever is earlier)#. Vehicle 3 years / 125,000 km (whichever is earlier). # For private users only. For commercial usage, the warranty is 3 years / 125,000 km. [Printed p16, specifications table and its footnotes.]",citroen-ec3x-brochure
Citroen India,e-C3X,commercial_exclusion,"# For private users only. For commercial usage, the warranty is 3 years / 125,000 km. [Printed p16, the footnote attached to both the battery and motor warranty figures. A fleet operator loses four years and 15,000 km of battery cover against a private buyer.]",citroen-ec3x-brochure
BYD India,ATTO 3,charging_interval,"To keep the power battery in optimal conditions, it should be fully charged and discharged regularly (once every 6 months or 72,000 km, whichever comes first) for self-calibration. A BYD authorized dealer or service provider may also be contacted to carry out capacity testing and calibration. [Printed p159, in a REMINDER box. BYD is the only maker in this dataset asking for a full discharge as well as a full charge, and the only one offering capacity testing.]",byd-atto3-om
BYD India,ATTO 3,charging_interval,"Battery balancing is enabled before charging is completed to improve service life. In such case, charging time may be prolonged. [Printed p82, under Charging Precautions. BYD runs LFP, and this is the same balancing mechanism JSW MG describes for the Windsor EV.]",byd-atto3-om
BYD India,ATTO 3,storage_condition,"If the vehicle is not expected to be driven for longer periods of time, make sure to fully charge its power battery before use. In case of idle periods, it is recommended to charge the battery every three months in order to prolong its service life. [Printed p82.]",byd-atto3-om
BYD India,ATTO 3,dc_charging_cap,"During DC charging, low temperatures and high SOC will reduce the charging current due to the battery's low temperature characteristics. Therefore, to improve charging speed, charging with a low SOC is recommended. To improve charging performance and user experience, charge the vehicle right after use, to take advantage of the battery's higher temperature. [Printed p82. BYD is the only maker here advising owners to arrive at a DC charger with a low state of charge and a warm pack.]",byd-atto3-om
BYD India,ATTO 3,charging_condition,"The vehicle should be parked in a ventilated area, and there should not be any occupant inside when charging. [Printed p81, under Charging Precautions.]",byd-atto3-om
BYD India,ATTO 3,service_condition,"Harsh conditions of use are: Frequent driving in dusty areas or frequent exposure to salty air. Frequent driving on bumpy, puddled or mountain roads. Driving in cold weather. Frequent and sudden braking. Frequent use of a towed trailer. Driving in congested urban areas at temperatures above 32°C for more than 50% of total driving time. Driving at speeds over 120 km/h at temperatures above 30°C for more than 50% of total driving time. Frequent overloading. Use as taxi. [Printed p159, defining the conditions that shorten the maintenance interval. Congested urban driving above 32 degrees for more than half the time describes ordinary use in most Indian cities.]",byd-atto3-om
Mahindra,"BE 6, BE 6 FE, XEV 9e, XEV 9S",charging_condition,"Always use the portable and wall-mount chargers supplied with the vehicle for private charging and ARAI certified AC or DC chargers for public charging. [Printed p20, closing the charger exclusion in Terms and Conditions - Standard Warranty. This is the only place in the dataset where a maker names a certification standard for public chargers.]",mahindra-be6
Mahindra,"BE 6, BE 6 FE, XEV 9e, XEV 9S",coverage_exclusion,"Customer's failure to keep any software of the vehicle updated, as required and intimated to the customer. [Printed p20, item 15 in the warranty exclusions list. Mahindra uses a typographic apostrophe in “Customer’s”.]",mahindra-be6
