source_id,maker,document_title,document_type,url,date_read,access_notes,sha256,archive_url
tata-nexon-om,Tata Motors,Tata Nexon.ev owner's manual,owner_manual_pdf,https://ev.tata.cars/content/dam/tml/ev/pdf/owners-manual/nexon-ev/nexon-ev-new-owners-manual.pdf,2026-09-22,"336pp. Warranty section p325-336, HV Battery Warranty from p331. Disallowed to automated retrieval by robots.txt; read in a browser.",33a7625f107cc33e923d3660eddb8f09c1788776c7d1218fccee314786490afd,
tata-harrier-om,Tata Motors,Tata Harrier.ev owner's manual,owner_manual_pdf,https://ev.tata.cars/content/dam/tml/ev/pdf/owners-manual/harrier-ev-onwers-manual.pdf,2026-09-22,422pp.,880258f7d7b91a1f688408c10cefb31d12131b76477c0e926aa3afc22d8c06a9,
tata-curvv-om,Tata Motors,Tata Curvv.ev owner's manual,owner_manual_pdf,https://ev.tata.cars/content/dam/tml/ev/pdf/owners-manual/curvv-ev/curvv-ev-owners-manual.pdf,2026-09-22,364pp.,c860324003cb622732fb6e2e45b3e85d1339538d70b17e0a91e8405a310da165,
tata-punch-om,Tata Motors,Tata Punch.ev owner's manual,owner_manual_pdf,https://ev.tata.cars/content/dam/tml/ev/pdf/owners-manual/punch-ev/april/punch-ev-mce-rev00-07-04-26.pdf,2026-09-22,306pp.,b42c51c6bd50d2188757d1bedd4b4695521f553d55687ae6f93315a7344b18b0,
tata-tiago-om,Tata Motors,Tata Tiago.ev owner's manual,owner_manual_pdf,https://ev.tata.cars/content/dam/tml/ev/pdf/owners-manual/tiago-ev/tiago-ev-mce-2.pdf,2026-09-22,250pp.,c377f92a0b533b1d6012c178e357ecbda6dbdc78212702343b1d8eb949180df1,
tata-sierra-om,Tata Motors,Tata Sierra.ev owner's manual,owner_manual_pdf,https://ev.tata.cars/content/dam/tml/ev/pdf/owners-manual/sierra-ev/sierra-ev.pdf,2026-09-22,408pp. Carries the HV Battery Warranty but NOT the DC cycle cap.,938349ca185451d893bf5a2150e6bf98fb7dbe60ec721cdf6f360fdfafc4fc93,
tata-tigor-om,Tata Motors,Tata Tigor.ev owner's manual,owner_manual_pdf,https://ev.tata.cars/content/dam/tml/ev/pdf/owners-manual/tigor-ev/tigor-owners-manual.pdf,2026-09-22,261pp. Carries none of the Lifetime HV Battery Warranty apparatus.,bfce455ea1c2c7cdf2eedb3b4d1b7cc56843461855f30c0047ad2d97bc1f53c1,
tata-warranty-web,Tata Motors,Tata.ev warranty page,official_warranty_page,https://ev.tata.cars/service/warranty.html,2026-09-29,"Tata's own HV battery warranty page. The terms sit behind Bootstrap accordions that open one at a time, so an automated fetch returns the headings and not the clauses; read in a browser on 29 Sep 2026 with every panel forced open. Carries the 70 percent SOH threshold, the 80 percent restore ceiling, the definition of Lifetime as fifteen years, the commercial-use exclusion and the second-owner notification requirement. Lists six models: the Tigor.ev, XPRES-T EV, Nexon.ev 30, Tiago.ev 19.2 and Punch.ev 35 do not appear on it.",,
mahindra-be6,Mahindra,BE 6 Warranty and Service Information Guide,warranty_booklet_pdf,https://www.mahindraelectricsuv.com/on/demandware.static/-/Library-Sites-eSUVSharedLibrary/default/dw2696a5b4/ImportantDocs/BE6_WSIG.pdf,2026-09-22,45pp. Battery Warranty chapter printed pp22-23. Charging rules are on p23 under 'Care instruction while leaving the Vehicle idle for long duration - For preventing damage to the Battery'. Read from a local copy.,5d6e17e392b5405d1b2d1615a82faae92a7875389d83d34bde988ab0117b75b0,http://web.archive.org/web/20260924104819/https://www.mahindraelectricsuv.com/on/demandware.static/-/Library-Sites-eSUVSharedLibrary/default/dw2696a5b4/ImportantDocs/BE6_WSIG.pdf
mahindra-be6fe,Mahindra,BE 6 FE Warranty and Service Information Guide,warranty_booklet_pdf,https://www.mahindraelectricsuv.com/on/demandware.static/-/Library-Sites-eSUVSharedLibrary/default/dwadd59319/ImportantDocs/BE6FE_WSIG.pdf,2026-09-22,"45pp. Same page 23 charging block as BE 6, same wording. Read from a local copy. Corroborates mahindra-be6-wsig: page 23 checked phrase by phrase and identical.",f44c49b4ba7b7f36db0c1bca8ff2bc107eba14ebcf58671e0b7470f1157a0b00,http://web.archive.org/web/20260924104819/https://www.mahindraelectricsuv.com/on/demandware.static/-/Library-Sites-eSUVSharedLibrary/default/dwadd59319/ImportantDocs/BE6FE_WSIG.pdf
mahindra-xev9e,Mahindra,XEV 9e Warranty and Service Information Guide,warranty_booklet_pdf,https://www.mahindraelectricsuv.com/on/demandware.static/-/Library-Sites-eSUVSharedLibrary/default/dw78109ccd/ImportantDocs/XEV9e_WSIG.pdf,2026-09-22,"45pp. Same page 23 charging block as BE 6, same wording. Read from a local copy. Corroborates mahindra-be6-wsig: page 23 checked phrase by phrase and identical.",f58d3208b27dd5a2588365c13cde0819fc8f19e932f24663ebaec859152f59c5,http://web.archive.org/web/20260924104819/https://www.mahindraelectricsuv.com/on/demandware.static/-/Library-Sites-eSUVSharedLibrary/default/dw78109ccd/ImportantDocs/XEV9e_WSIG.pdf
mahindra-xev9s,Mahindra,XEV 9S Warranty and Service Information Guide,warranty_booklet_pdf,https://www.mahindraelectricsuv.com/on/demandware.static/-/Library-Sites-eSUVSharedLibrary/default/dw52810946/ImportantDocs/XEV9S_WSIG.pdf,2026-09-22,45pp. Page 23 carries the same block as the other three but the DC rule is worded 'once after 4 fast charge (DC) cycles' rather than 'once in every 4'. Read from a local copy.,bac3ed0e8146b41c81840a7720fbc997c40940cccbdd3540ce38ac31e03507ff,http://web.archive.org/web/20260924104819/https://www.mahindraelectricsuv.com/on/demandware.static/-/Library-Sites-eSUVSharedLibrary/default/dw52810946/ImportantDocs/XEV9S_WSIG.pdf
mahindra-care,Mahindra,Mahindra care and maintenance page,official_warranty_page,https://auto.mahindra.com/care-and-maintenance.html,2026-09-22,Whole-vehicle warranty table only. No battery row for XUV400 or XUV 3XO EV.,,http://web.archive.org/web/20260923105431/https://auto.mahindra.com/care-and-maintenance.html
mg-zsev,JSW MG Motor India,"MG ZS EV Service and Warranty Manual, Dec 25",warranty_booklet_pdf,https://s7ap1.scene7.com/is/content/mgmotor/mgmotor/documents//mg-the-all-new-zs-ev-service-and-warranty-manual-dec-25.pdf,2026-09-22,Full text contains no percentage figure of any kind.,4cf8fc2c689394656e60801b9e6677b3c8892ef39a23b87b41e4c75c3c91552a,
mg-comet,JSW MG Motor India,"MG Comet EV Service and Warranty Manual, Jan 26",warranty_booklet_pdf,https://s7ap1.scene7.com/is/content/mgmotor/mgmotor/documents/MG%20Comet%20EV%20Service%20and%20Warranty%20Manual%20Jan%2026.pdf,2026-09-22,Full text contains no percentage figure of any kind.,690613b4a9662a78a2ca33903cd7b3c542e9f1361a2ddaa9c699c2b1ded9946b,
mg-windsor,JSW MG Motor India,"MG Windsor EV PMS, Warranty and RSA",warranty_booklet_pdf,https://s7ap1.scene7.com/is/content/mgmotor/mgmotor/documents/windsor-ev-pms-warranty-and-rsa-july-28.pdf,2026-09-22,Full text contains no percentage figure of any kind.,c19ea1ce8acead02b4147014268a320bd11ecef0f9c9f8cd83e7902a23cb994d,
kia-ev-owners,Kia India,Kia India EV owners warranty page,official_warranty_page,https://www.kia.com/in/service/ev-owners/know-you-kia-ev.html,2026-09-22,States a capacity warranty for EV6/EV9 with no percentage. 70% appears only for Carens Clavis EV and Syros EV.,,
kia-ev6-om,Kia India,Kia EV6 owner's manual,owner_manual_pdf,https://www.kia.com/content/dam/kia2/in/en/images/service/service-and-maintenance/owners-manual/New_EV6_Owners_manual.pdf,2026-09-22,605pp. Warranty chapter p590-598; capacity clause p592. No download link is exposed on Kia India's owner's manual page.,b39f42d919c2fc0c63d092090271f5e6706a0b94bf933a3f3f43777904f9da59,
hyundai-warranty,Hyundai Motor India,Hyundai India warranty policy page,official_warranty_page,https://www.hyundai.com/in/en/connect-to-service/warranty-policy,2026-09-22,States batteries are warranted by their respective manufacturers and not by HMIL. No battery row in the warranty table.,,
hyundai-ioniq5-bro,Hyundai Motor India,IONIQ 5 e-brochure,brochure_pdf,https://www.hyundai.com/content/dam/hyundai/in/en/data/brochure/ioniq-5.pdf,2026-09-22,"The 8yr/160,000km figure appears only in marketing material.",02b4e48124a8c5c5f6de45c6b6d94c7f4a48e0a10fc0a2f029f9173739f0d323,http://web.archive.org/web/20260615083901/https://www.hyundai.com/content/dam/hyundai/in/en/data/brochure/ioniq-5.pdf
hyundai-creta-page,Hyundai Motor India,Creta Electric model page,official_model_page,https://www.hyundai.com/in/en/find-a-car/creta-electric/highlights,2026-09-22,,,http://web.archive.org/web/20260829174935/https://www.hyundai.com/in/en/find-a-car/creta-electric/highlights
byd-atto3,BYD India,BYD Atto 3 model page warranty table,official_model_page,https://bydautoindia.com/bydatto3,2026-09-22,Client-rendered; read in a browser. No standard warranty booklet published.,,http://web.archive.org/web/20260908151220/https://bydautoindia.com/bydatto3
citroen-warranty,Citroen India,"C3, eC3, C3 Aircross and Basalt Maintenance and warranty guide",warranty_booklet_pdf,https://www.citroen.in/content/dam/citroen/india/service/warranty-pdf/Warranty_c3_ec3_aircross_basalt_June.pdf,2026-09-22,38pp. robots.txt disallows PDFs; read in a browser.,4e5dcfae62c087cf424e099aa2c0a45ed10b327c62b71acd619c4afb773699f3,
maruti-evitara-pr,Maruti Suzuki,e VITARA launch press release,press_release,https://www.marutisuzuki.com/corporate/media/press-releases/2026/february/india-goes-electric-with-maruti-suzuki-e-vitara-introductory-baas-price-starts,2026-09-22,The only published source for the battery term.,,
toyota-warranty,Toyota Kirloskar Motor,Toyota India warranty page,official_warranty_page,https://www.toyotabharat.com/q-service/warranty/,2026-09-22,,,http://web.archive.org/web/20260915124744/https://www.toyotabharat.com/q-service/warranty/
mb-eq-warranty,Mercedes-Benz India,EQ warranty terms and conditions,official_warranty_page,https://www.mercedes-benz.co.in/passengercars/services/service-warranty-terms-and-conditions/eq-warranty-terms-and-conditions.html,2026-09-22,The only India document in the audit that addresses adjudication.,,
bmw-warranty,BMW India,BMW India warranty policy,official_warranty_page,https://www.bmw.in/en/topics/owners/warranty-policy.html,2026-09-22,,,http://web.archive.org/web/20260921122324/https://www.bmw.in/en/topics/owners/warranty-policy.html
volvo-warranty,Volvo India,Volvo India warranty page,official_warranty_page,https://www.volvocars.com/in/l/volvo-warranty/,2026-09-22,"Publishes no battery warranty term for India, though Volvo does in other markets.",,http://web.archive.org/web/20260115051840/https://www.volvocars.com/in/l/volvo-warranty/
ather-warranty,Ather Energy,Ather Warranty Policy 2024,warranty_booklet_pdf,https://media.atherenergy.com/Warranty_Policy_2024.pdf,2026-09-22,The clearest primary document of any two-wheel maker in the audit.,a018313d75d06da4fa1e6d9a2b7bca49d3592b0e4d5f1e2e769d4ad6f5aa35f2,http://web.archive.org/web/20260729124033/https://media.atherenergy.com/Warranty_Policy_2024.pdf
ather-faq,Ather Energy,Ather battery warranty FAQ,official_warranty_page,https://www.atherenergy.com/faq/vehicle/ather-battery-warranty,2026-09-22,,,http://web.archive.org/web/20260607191218/https://www.atherenergy.com/faq/vehicle/ather-battery-warranty
ola-tnc,Ola Electric,Ola battery warranty terms and conditions,official_warranty_page,https://www.olaelectric.com/battery-warranty-tnc,2026-09-22,Ola publishes three different base terms across three of its own pages.,,http://web.archive.org/web/20260615115623/https://www.olaelectric.com/battery-warranty-tnc
tvs-iqube-om,TVS Motor,TVS iQube owner manual,owner_manual_pdf,https://www.tvsmotor.com/-/media/Feature/Owners/User-Manual/user-manual-iqube.pdf,2026-09-22,,d4a56762910a4999b69f745808aa18d843399b19c1612a570273d7f1f7c0e89e,http://web.archive.org/web/20240617083323/https://www.tvsmotor.com/-/media/Feature/Owners/User-Manual/user-manual-iqube.pdf
bajaj-chetak-tc,Bajaj Auto,Chetak terms and conditions,official_warranty_page,https://www.chetak.com/terms-and-conditions,2026-09-22,Sets a 60% floor in one clause and excludes gradual capacity loss in another.,,http://web.archive.org/web/20260708161301/https://www.chetak.com/terms-and-conditions
vida-warranty,Hero MotoCorp,VIDA warranty page,official_warranty_page,https://www.vidaworld.com/content/experience-fragments/vida/in/en/acpa_mod/topic/_17_warranty_/sub_topic/a--general-instructions-overall-vehicle-about-warranty/master.html,2026-09-22,,,
ampere-warranty,Ampere (Greaves),Ampere warranty page,official_warranty_page,https://ampere-electric.com/warranty,2026-09-22,,,http://web.archive.org/web/20260813072109/https://ampere-electric.com/warranty
revolt-rv400,Revolt Motors,RV400 product page,official_model_page,https://www.revoltmotors.com/rv400,2026-09-22,Support pages are disallowed by robots.txt.,,http://web.archive.org/web/20260829191914/https://www.revoltmotors.com/rv400
river-warranty,River,River extended warranty page,official_warranty_page,https://www.rideriver.com/care/extendedwarranty,2026-09-22,The only two-wheel maker in the audit publishing a price for its paid battery extension.,,http://web.archive.org/web/20260516174103/https://www.rideriver.com/care/extendedwarranty
altigreen-warranty,Altigreen,Altigreen vehicle warranty page,official_warranty_page,https://www.altigreen.com/vehicle-warranty,2026-09-22,,,http://web.archive.org/web/20251115180658/https://www.altigreen.com/vehicle-warranty
altigreen-tez,Altigreen / Exponent,neEV TEZ battery warranty page,official_warranty_page,https://www.altigreen.com/tez-battery-warranty,2026-09-22,The only document in the entire audit that discloses a measurement method.,,http://web.archive.org/web/20240618120250/https://www.altigreen.com/tez-battery-warranty
mahindra-treo,Mahindra Last Mile Mobility,Treo product page,official_model_page,https://mahindralastmilemobility.com/treo,2026-09-22,,,http://web.archive.org/web/20260907192754/https://mahindralastmilemobility.com/treo
piaggio-apemax,Piaggio,Ape E-City FX Max product page,official_model_page,https://piaggio-cv.co.in/electric/ape-e-city-fx-max-fixed/,2026-09-22,,,http://web.archive.org/web/20260711190134/https://piaggio-cv.co.in/electric/ape-e-city-fx-max-fixed/
ultraviolette-f77-page,Ultraviolette,Ultraviolette F77 Mach 2 official model page,official_model_page,https://www.ultraviolette.com/f77,2026-09-28,"Warranty stated only as a figure on the model page. Ultraviolette publishes no warranty booklet. Superseded by uv-f77-om, the owner's manual, which carries the warranty terms this model page only summarises. Corroborates uv-f77-om on the headline figures.",,http://web.archive.org/web/20260919033735/https://www.ultraviolette.com/f77
ultraviolette-tesseract-page,Ultraviolette,Ultraviolette Tesseract official model page,official_model_page,https://www.ultraviolette.com/tesseract,2026-09-28,Page states 8 Yrs Battery Warranty and upto 2Lac km. No warranty booklet published.,,http://web.archive.org/web/20260919033736/https://www.ultraviolette.com/tesseract
pmv-faq,PMV Electric,PMV Electric FAQ,official_faq_page,https://pmvelectric.com/faq/,2026-09-28,"The only battery statement is an expectation, not a warranty term: cells anticipated to last 5-8 years based on the cell manufacturer's warranty. No warranty period, threshold or method is stated.",,http://web.archive.org/web/20260313173953/https://pmvelectric.com/faq/
audi-in-warranty,Audi India,Audi India vehicle warranty page,official_warranty_page,https://www.audi.in/en/customer-area/audi-owners/vehiclewarranty/,2026-09-28,"General vehicle warranty only. No high voltage or traction battery term of any kind. Repair or replacement is at Audi India's sole discretion, and the page refers the reader to a warranty booklet it does not publish.",,http://web.archive.org/web/20260417210100/https://www.audi.in/en/customer-area/audi-owners/vehiclewarranty/
euler-hiload-page,Euler Motors,Euler Motors HiLoad EV product page,official_model_page,https://www.eulermotors.com/en/hiload/,2026-09-28,"Product page carries no warranty term. The site's terms and conditions URL returns AccessDenied, so no warranty document is reachable.",,http://web.archive.org/web/20260503002310/https://www.eulermotors.com/en/hiload/
strom-r3-page,Strom Motors,"Strom Motors R3 model page, no document served",official_model_page,https://www.strommotors.com,2026-09-29,"Site root retrieved successfully on 29 September 2026 from a third network, after the model page was refused by robots.txt and both a European browser pass and a European automated fetch returned errors on 28 September. The site is live and serves marketing content and a pre-booking call to action. It links no warranty page, no owner's manual and no terms document, and states no battery warranty term. The absence is established by a successful retrieval, not by a failed one.",,http://web.archive.org/web/20240229125104/https://www.strommotors.com/
tesla-in-warranty,Tesla India,"Tesla vehicle warranty, India",official_warranty_page,https://www.tesla.com/en_in/support/vehicle-warranty,2026-09-28,Battery and Drive Unit Limited Warranty stated per model with an explicit capacity retention floor. No measurement method and no owner dispute route.,,http://web.archive.org/web/20260414063406/https://www.tesla.com/en_in/support/vehicle-warranty
hero-electric-startup-guide,Hero Electric,Hero Electric Startup Guide for lithium-ion variants (HE/SVC/DEL/LI/0722/R1/16k),owner_manual_pdf,https://manuals.plus/m/c091e0f38f6945cf02feaa28782bba7a8f6ed71106585e5ae493f0dc8505f042_optim.pdf,2026-09-29,"Hero Electric Vehicles Pvt. Ltd.'s own printed booklet. Its canonical URL, printed inside the document itself as https://heroelectric.in/PDF/li.pdf, no longer resolves: heroelectric.in failed DNS resolution and a browser pass on 28 September 2026 returned an error page. Read from a mirrored copy of the manufacturer's document because the manufacturer's own copy is no longer served. The warranty policy is in Hindi, pages 11 to 14.",209d8798ef3de60705c1ff6ece3231fc8d804930aee2a32f538c1ebd1d82cfa4,http://web.archive.org/web/20230422113641/https://manuals.plus/m/c091e0f38f6945cf02feaa28782bba7a8f6ed71106585e5ae493f0dc8505f042_optim.pdf
byd-atto3-warranty-policy,BYD India,"Booking Policy for BYD ATTO 3 new variants, with warranty policy",warranty_booklet_pdf,https://bavaria-byd.in/wp-content/uploads/2024/08/new_BYDATTO-3-Booking-and-Warranty-Policy.pdf,2026-09-29,"BYD's own warranty policy document, hosted by an authorised BYD India dealer because bydautoindia.com does not serve to European networks. The text is BYD's, not the dealer's. BYD's own asset bucket carries the equivalent document for the Seal at byd-assets.s3.us-east-2.amazonaws.com; substitute that host if a first-party URL is required. Re-verified 29 Sep 2026 against the file itself; sha256 recorded so any copy obtained later can be checked against what we read. BYD's own asset host returned HTTP 403 for this document on 29 Sep 2026, and bydautoindia.com serves only a JavaScript shell to automated retrieval, so the first-party URL is recorded but was not reachable on that date.",7033a2ccd757fb125f97ad83e2e58d23d8dc26f3da3caa4975a1370d20e0c00c,http://web.archive.org/web/20241209153913/https://bavaria-byd.in/wp-content/uploads/2024/08/new_BYDATTO-3-Booking-and-Warranty-Policy.pdf
byd-seal-warranty-policy,BYD India,BYD Seal Booking and Warranty Policy,warranty_booklet_pdf,https://byd-assets.s3.us-east-2.amazonaws.com/production/uploads/BYD%20Seal%20Booking%20and%20Warranty%20Policy.pdf,2026-09-29,"BYD's own warranty policy for the Seal, hosted by an authorised BYD India dealer because bydautoindia.com does not serve to European networks. Identical structure to the ATTO 3 policy. The equivalent document is also on BYD's own asset bucket at byd-assets.s3.us-east-2.amazonaws.com. Re-verified 29 Sep 2026 against the file itself; sha256 recorded so any copy obtained later can be checked against what we read. BYD's own asset host returned HTTP 403 for this document on 29 Sep 2026, and bydautoindia.com serves only a JavaScript shell to automated retrieval, so the first-party URL is recorded but was not reachable on that date. Verified by Abhi on 29 Sep 2026 at the Internet Archive capture of BYD's own asset host, recorded in archive_url: a dated first-party copy, independent of whether the live host serves.",8b36b924a3ddd133d11282d5ae09e7bba8499c8606b32104287fc3826288aaa6,https://web.archive.org/web/20240927035248/https://byd-assets.s3.us-east-2.amazonaws.com/production/uploads/BYD%20Seal%20Booking%20and%20Warranty%20Policy.pdf
byd-emax7-booking-warranty,BYD India,"Booking Policy Proposal for BYD eMAX 7, applicable from 8 October 2024, with warranty details",warranty_booklet_pdf,https://byd-assets.s3.us-east-2.amazonaws.com/production/uploads/BYD-eMax7-Booking-and-Warranty-Policy.pdf,2026-09-29,"BYD's own booking and warranty document for the eMAX 7, obtained as a file because bydautoindia.com does not serve to European networks; the canonical host is recorded here and the per-document URL is to be substituted once reachable. Contains the warranty period table only. It has no limitations or exclusions section, and refers the reader to 'the further policies from BYD in its official website', which are not published in it. Re-verified 29 Sep 2026 against the file itself; sha256 recorded so any copy obtained later can be checked against what we read. BYD's own asset host returned HTTP 403 for this document on 29 Sep 2026, and bydautoindia.com serves only a JavaScript shell to automated retrieval, so the first-party URL is recorded but was not reachable on that date. Verified by Abhi on 29 Sep 2026 at the Internet Archive capture of BYD's own asset host, recorded in archive_url: a dated first-party copy, independent of whether the live host serves.",bc3efc9db15594a670ae638d2012f0c00dde2ea3012a1204922ec107b635e0c1,https://web.archive.org/web/20250625213125/https://byd-assets.s3.us-east-2.amazonaws.com/production/uploads/BYD-eMax7-Booking-and-Warranty-Policy.pdf
byd-sealion7-booking-warranty,BYD India,"Booking Policy Proposal for BYD Sealion 7, applicable from 18 February 2025, with warranty details",warranty_booklet_pdf,https://byd-assets.s3.us-east-2.amazonaws.com/production/uploads/BYD-SEALION-7-Booking-and-Warranty.pdf,2026-09-29,"As for the eMAX 7 document: warranty period table only, no limitations or exclusions section, and the same referral to further policies on BYD's website that the document does not contain. Re-verified 29 Sep 2026 against the file itself; sha256 recorded so any copy obtained later can be checked against what we read. BYD's own asset host returned HTTP 403 for this document on 29 Sep 2026, and bydautoindia.com serves only a JavaScript shell to automated retrieval, so the first-party URL is recorded but was not reachable on that date. No Internet Archive capture exists for this document, so the held file and its sha256 are the only evidence of it. Checked 29 Sep 2026.",2ada4c0eccc660605455a033e2dcd273e2b9dcc76867842efd952b9e24f85f66,
tata-xprest-om,Tata Motors,"Tata XPRES-T EV owner's manual, Warranty Terms and Conditions, pages 145-146",owner_manual_pdf,https://xprest.tatamotors.com/electric/assets/images/downloads/content/brochures/TATA%20XPRES-T-EV-Owner-Manual.pdf,2026-09-29,"Tata Motors' own owner's manual for the XPRES-T EV, on the model's own host. The warranty terms and conditions are on page 145; clause 1 carries the term. Earlier rows cited the ev.tata.cars homepage because the per-document URL had not been located, which made this the one PDF source in the dataset with no hash. Both are now recorded.",751905b5b6c8d6d1f816ef97bdd39a30c74844079e36da0dc7b767d1b3f0e0d6,
tata-extended-warranty,Tata Motors,Tata EV extended warranty coverage page,official_warranty_page,https://ev.tata.cars/service/ew-details.html,2026-09-29,"Read 29 Sep 2026. Lists nine covered systems and the high voltage battery is not among them; the only battery reference is the auxiliary tank under the cooling system. Directs the reader to a Digital Extended Warranty Booklet available from a workshop, which Tata does not publish. Recorded as an absence we checked, not as a gap in our reading.",,
mahindra-xuv400-brochure,Mahindra,Mahindra XUV400 Pro Range brochure,brochure_pdf,https://auto.mahindra.com/on/demandware.static/-/Sites-amc-Library/default/dw4dc915da/mahindraelectricimages/images/xuv400images/XUV400ProRangeBrochure.pdf,2026-09-29,"Mahindra's own brochure on its own host. Eight pages, no embedded fonts, entirely scanned images, so nothing can be extracted by text tools and it was read by looking at the pages. The warranty terms are two rows at the foot of the specifications table on page 8. This is the only place Mahindra publishes a warranty term for the XUV400: it is not one of the four models covered by its warranty guides.",56cb834c3efa1f740d8817606491fd82bdfcc48a926a15beb1ad2021450f4544,
vinfast-mpv7-brochure,VinFast,VinFast VF MPV7 brochure,brochure_pdf,https://www.vinfastauto.in/,2026-10-03,"12pp, clean text layer. The warranty terms are a footnote on the specification spread, not a warranty document. No VinFast India warranty booklet or warranty page has been located, so the retention floor, who measures it and the method are all unestablished. Held in the pack spec repo at open-data/india-ev-pack-specs/source-documents/vinfast/.",16af316e3eadec22477f4b971420508c25e3f7b1ccdd6dcd9fd806a1d44d9ece,
vinfast-limo-brochure,VinFast,VinFast Limo Green brochure,brochure_pdf,https://www.vinfastauto.in/,2026-10-03,"4pp, no text layer, one extractable character. The confidence package panel and its footnote were read from a 450 dpi render of page 4.",942929bc2a0f4a50ab0cbd677735f4ab7a01d527ae9dbe3d7d1ee19cc2fe7f08,
toyota-ebella-om,Toyota Kirloskar Motor,Toyota Urban Cruiser Ebella owner's manual,owner_manual_pdf,https://ownersmanual-media.toyotabharat.com/urban-cruiser-ebella-om-3-2026.pdf,2026-10-04,"472pp, text layer present. Charging rules are in chapter 2 Electric vehicle system, printed pages 79 to 114, not in the warranty page already held. Read from a local copy of the PDF.",71266d8274505a19531fa2c5a7391de4b5080f62e88886aeb84f5b369297c657,
maruti-evitara-om,Maruti Suzuki,Maruti Suzuki e VITARA owner's manual (99011M58UE0-74W),owner_manual_pdf,NOT_PUBLISHED_ONLINE,2026-10-04,"537pp, text layer present. Not published on marutisuzuki.com. The manual's own foreword tells the owner to download it from the Maruti Suzuki mobile application using a registered mobile number, so it reaches owners only. Identified here by sha256. Charging rules are on printed pages 85 to 114 and 179.",9573267a3929660ac98e2f975de81abe78f4581acce18b05b4818702e05ffc4a,
mg-windsor-om,JSW MG Motor India,MG Windsor EV owner's manual,owner_manual_pdf,NOT_PUBLISHED_ONLINE,2026-10-04,"269pp. MG gates its vehicle e-manuals behind a lead capture form at mgmotor.co.in/emanual-download, so there is no public link. Charging rules are on printed pages 1-2, 1-3, 1-4, 3-16 and 3-17. Read from a local copy.",c6dd84c1e0f318e396da8d383e6947541e06dd9a923c4af83b487199ba1dc0d4,
mg-m9-om,JSW MG Motor India,MG M9 owner's manual,owner_manual_pdf,NOT_PUBLISHED_ONLINE,2026-10-04,244pp. Same form gate as the Windsor manual. Charging and supply requirements on printed pages 1-4 and 3-3. Read from a local copy.,aa483bc179fa3337ab6533536d8b4e872542b30a81fe0ec4e29081484ff2d071,
kia-clavis-om,Kia India,Kia Carens Clavis EV owner's manual,owner_manual_pdf,https://www.kia.com/content/dam/kia2/in/en/images/service/service-and-maintenance/owners-manual/clavis-EV.pdf,2026-10-04,"676pp. HV battery guidance printed p7-4 onward, charging precautions from p7-32. Read from a local copy.",2578c75772f740d95749f2bb0ef3c2c41d049bcde04ed57594f66a2dc0c7d6fa,
kia-ev9-om,Kia India,Kia EV9 owner's manual,owner_manual_pdf,https://www.kia.com/content/dam/kia2/in/en/service/owners-manual/EV9-Owners-Manual.pdf,2026-10-04,888pp. Carries the same 80 percent sentence as the Clavis EV manual. Read from a local copy. Corroborates kia-clavis-om: carries the same 80 percent sentence.,c3d6cc59e924c2ce9a425bc9ad4c9495e255200b6b5ea96dfd02110e637c8a5a,
kia-syros-om,Kia India,Kia Syros EV owner's manual,owner_manual_pdf,NOT_PUBLISHED_ONLINE,2026-10-04,"587pp. Checked specifically for the 80 percent sentence that the Clavis EV and EV9 manuals carry. It is absent. Read from a local copy. Held as a negative. Checked for the 80 percent sentence the Clavis EV and EV9 manuals carry and it is absent, which is why the rule is scoped to two models and not to all Kia EVs.",6307e5bc3cfa26480cbd2547ec88c8d335abdaa563b45052051bd9d78ea86ff3,
hyundai-ioniq5-om-2022,Hyundai Motor India,"Hyundai IONIQ 5 owner's manual, Oct 2022 to Apr 2026",owner_manual_pdf,https://www.hyundai.com/content/dam/hyundai/in/en/data/connect-to-service/owners-manual/2025/ioniq5Oct2022-present.pdf,2026-10-04,"569pp. HV battery guidance printed p2-5, charging p2-20. Read from a local copy.",846a91864356a2b7ec06bab3c27285dc33ddd63fdb251457a5a4130de8d3007a,
hyundai-ioniq5-om-2026,Hyundai Motor India,"Hyundai IONIQ 5 owner's manual, May 2026 onward",owner_manual_pdf,https://www.hyundai.com/content/dam/hyundai/in/en/data/connect-to-service/owners-manual/2026/ioniqmay2026-present.pdf,2026-10-04,810pp. Replaces the below-20-percent wording of the earlier edition with a 3 month interval. Read from a local copy.,3cb26654e4cfcafa9c83376f6374aaabaf0394b51e49f10fc55447decc6818eb,
hyundai-kona-om,Hyundai Motor India,"Hyundai Kona Electric owner's manual, Jun 2022 onward",owner_manual_pdf,https://www.hyundai.com/content/dam/hyundai/in/en/data/connect-to-service/owners-manual/2025/konaevJun2022-present.pdf,2026-10-04,"449pp. Read from a local copy. Carries Hyundai Motor India's own warranty policy printed inside the owner's manual, pdf pages 72 to 74, which is where the high voltage battery term and the degradation exclusion are stated. The IONIQ 5 (both editions) and Creta Electric manuals were searched for the same policy text and do not carry it.",8baf10bc0c3c524126ec7db2dda1afa28fb6700dffba732cd8e77a14ddbf7a34,
hyundai-creta-om,Hyundai Motor India,Hyundai Creta Electric owner's manual,owner_manual_pdf,https://www.hyundai.com/content/dam/hyundai/in/en/data/connect-to-service/owners-manual/pc/cretaev.pdf,2026-10-04,"487pp. Downloaded from Hyundai's own site. The PDF embeds subset fonts with a custom encoding, so pdftotext returns mojibake and the document looks unreadable. It is not: letters and punctuation are ASCII shifted down by 29 and digits are moved to U+0238 to U+0241 in the order 1 to 9 then 0. scripts/decode-hyundai-creta.py decodes it and verifies itself against the printed page markers, which come out in order from 1-3 to 9-55 across 471 pages. Charging rules are on printed pages 1-8, 1-11, 1-15 and 1-25.",e94d8f136e7acb9e7bab56f4b32af46c173f8d7de0e6481890a96ef40935a61d,
mercedes-eqa-om,Mercedes-Benz India,"Mercedes-Benz EQA owner's manual, October 2025",owner_manual_pdf,NOT_PUBLISHED_ONLINE,2026-10-04,"834pp. Mercedes serves its manuals through a viewer that wants a model, year and sometimes a VIN, so there is no direct link. Battery ageing guidance printed p287 to p288. Read from a local copy.",228a39d4b0d3c9582c2d91519d33e9fcdbf98bec642182e6e23328bf1403ed45,
mercedes-eqs-om-2026,Mercedes-Benz India,"Mercedes-Benz EQS SUV owner's manual, July 2026",owner_manual_pdf,NOT_PUBLISHED_ONLINE,2026-10-04,"914pp. Carries the same handling recommendations as the EQA manual, printed p355 to p356. Read from a local copy. Corroborates mercedes-eqa-om: the handling recommendations are identical.",3ed6cf5ff3c10d57865dcb699a137718fe1c52e66b1f151b6c02cdadc6af41d4,
ather-450x-qsg,Ather Energy,Ather 450X Gen 4 quick start guide,owner_manual_pdf,https://assets.atherenergy.com/450X_Gen_4_2023_QSG.pdf,2026-10-04,"51pp. Charging and battery care printed p38 and p40. The same wording appears in the 450S, 450 Apex, Rizta S, Rizta Z and Konarc S guides held alongside it. Read from a local copy.",c153ac3b5e590d03942307a22356433e54a2201d14c69d01b155f0a167fde430,
vinfast-vf7-om,VinFast,"VinFast VF 7 online owner's manual, India, 2026",owner_manual_pdf,https://om.vinfastauto.com/en_in/detail?car=VF7&year=2026,2026-10-04,"VinFast DOES publish an India owner's manual, at om.vinfastauto.com with an en_in locale and a model and year selector. An earlier sweep concluded VinFast published nothing because it only searched vinfastauto.in. Body text is rendered inside shadow DOM, so an ordinary page fetch returns the navigation only and the manual looks empty. Read in a browser on 4 October 2026. Battery and Charging chapter, sections Battery Information, Battery Care, Temperature Limits and Charging Instructions.",,
volvo-xc40-battery-health,Volvo India,"Volvo XC40 Recharge Pure Electric, Managing battery health and performance, India support manual",official_warranty_page,https://www.volvocars.com/in/support/car/xc40-recharge-pure-electric/article/f558786dce01385ec0a8b04a5cd4f99b-64e6c69fb31fe0e7c0a8b05d07769e5b-8664b2fa77a7e089c0a8296870d1a409/,2026-10-04,"Volvo publishes its owner's manual per market as support articles rather than a PDF. This is the India manual, confirmed by the /in/ path and the page title ending 'Volvo Support IN'. Read in a browser on 4 October 2026.",,
tvs-orbiter-om,TVS Motor,TVS Orbiter owner's manual,owner_manual_pdf,https://www.tvsmotor.com/-/media/Feature/Owners/UserManual2026/03-04-26/TVS-Orbiter.pdf,2026-10-04,68pp. Charging and home supply guidance printed p13 to p16 and p45 to p48. Read from a local copy.,f33ea46b931ee2dd555c6c00cbf1d8aaaac0d928cabdb055b4d5f535d4442586,
tvs-x-om,TVS Motor,TVS X owner's manual,owner_manual_pdf,NOT_PUBLISHED_ONLINE,2026-10-04,"65pp. Not listed on the TVS user-manual index, which publishes the iQube and Orbiter manuals but not this one. Charging and supply guidance printed p41 to p45. Read from a local copy.",c218e8356943253c3f1efd9f6e807a864a0ea107ad8ce9a306a4d0549131b0d6,
river-indie-om-gen1,River,"River Indie user manual, Gen 1, Oct 2023 to Nov 2024",owner_manual_pdf,NOT_PUBLISHED_ONLINE,2026-10-04,"59pp. River serves its manuals behind a JavaScript version selector at rideriver.com/care/usermanuals, so there is no direct link. Read from a local copy.",9295dc50a6c715781cd3a1c0b7e0162621bacbdd725e16a1815557e19c1e67e0,
river-indie-om-gen2,River,"River Indie user manual, Gen 2, Dec 2024 to Sep 2025",owner_manual_pdf,NOT_PUBLISHED_ONLINE,2026-10-04,"171pp. Read from a local copy. Corroborates river-indie-om-gen1 on the 90 day interval: this is the last revision to carry 90 days before the Gen 3 manual shortened it to 60, which is what dates the change to between September and October 2025.",ca81098f172238a955068ca1b74982b541508cd32bbad9428abeecb8189cf60a,
river-indie-om-gen3,River,"River Indie user manual, Gen 3, Oct 2025 to Mar 2026",owner_manual_pdf,NOT_PUBLISHED_ONLINE,2026-10-04,192pp. This is the revision in which the mandatory full-charge interval changes from 90 days to 60. Read from a local copy.,6c41cdc3e4db221a175389c358c5bbf9697e77e8da98f15d274217115002aeb2,
river-indie-om-gen3-apr26,River,"River Indie user manual, Gen 3, April 2026",owner_manual_pdf,NOT_PUBLISHED_ONLINE,2026-10-04,192pp. Corroborates river-indie-om-gen3 on the 60 day interval. Differs only in the recommended socket rating. Read from a local copy.,97f081c43d92662d2be8458a1794610b01f90994c8f3d665e700c5e180fdc8a0,
vida-battery-general,Hero MotoCorp,"VIDA owner's manual, 11.a General with Long Storage Guidelines",owner_manual_pdf,https://www.vidaworld.com/content/experience-fragments/vida/in/en/acpa_mod/topic/_11_lithium_ion_batt/sub_topic/a--general/master.html,2026-10-04,Vida publishes its owner's manual as web pages. Read in a browser on 4 October 2026.,,
vida-battery-scrapping,Hero MotoCorp,"VIDA owner's manual, 11.b Warning about Scrapping Traction batteries",owner_manual_pdf,https://www.vidaworld.com/content/experience-fragments/vida/in/en/acpa_mod/topic/_11_lithium_ion_batt/sub_topic/b--warning-about-scrapping-traction-batteries-/master.html,2026-10-04,"Carries the battery electric output auto-stopping function, which is a hard end of life rather than a degradation threshold. Read in a browser on 4 October 2026.",,
uv-f77-om,Ultraviolette,Ultraviolette F77 owner's manual,owner_manual_pdf,https://s3.ap-south-1.amazonaws.com/www.ultraviolette.com/app/manual.pdf,2026-10-04,"99pp. Battery and charging printed p47 to p48, Deep Sleep p41, Storage Guidelines p74, and the clause making the charging guidelines warranty-binding on p17. Three identical copies of this file were supplied under different names and hash the same. Read from a local copy.",1b1e689764b2060213c7a599f1f9716c270f8c028b1519beb6369a8f6f9fbf96,
uv-f77ss-om,Ultraviolette,Ultraviolette F77 SuperStreet owner's manual,owner_manual_pdf,NOT_PUBLISHED_ONLINE,2026-10-04,99pp. Read from a local copy. Corroborates uv-f77-om: the battery and charging sections are identical.,1e75a1f9472cb2eb68e25e21eaf426570edb7ffdf5932cd05953ad45ac12007b,
uv-x47-om,Ultraviolette,Ultraviolette X-47 owner's manual,owner_manual_pdf,NOT_PUBLISHED_ONLINE,2026-10-04,144pp. Carries the UV Care Max battery warranty figure on printed p20 and the storage guidelines on p108. Read from a local copy.,c902286ed816ae49409b557aa37d34fe56b4b64659874e6f043922c49d385058,
ola-s1air-om,Ola Electric,"Ola S1 Air owner's manual, December 2023",owner_manual_pdf,NOT_PUBLISHED_ONLINE,2026-10-04,"97pp, a scan with no text layer. OCRed with tesseract at 200 dpi, and every clause recorded from it was then confirmed by reading the rendered page at 300 dpi by eye, because OCR output is not good enough to quote from. Charging guidance is on printed pages 3 and 4 under IMPORTANT THINGS TO KEEP IN MIND. The manual itself says the authoritative version lives in the Ola Electric app.",826fddb1aa57631d7c65722606947ef7c870f6638b3e1744b5a1644806115322,
bajaj-chetak-c35-brochure,Bajaj Auto,Bajaj Chetak C35 and C30 series brochure,brochure_pdf,NOT_PUBLISHED_ONLINE,2026-10-04,"4pp. Held as a negative. Five Chetak brochures were read and none carries a charging rule, a charging condition or any warranty term beyond the headline figures. The 5 YEARS EXTENDED WARRANTY claim carries an asterisk whose only footnote is 'T&C Apply', with no terms printed anywhere in the document. Bajaj publishes no owner's manual we could obtain.",e2332426b56f82d741a2f6f453daeb9ce3dcf2c457e7478292f03176fd918d0c,
citroen-ec3x-brochure,Citroen India,"Citroen e-C3X brochure, 19 August 2026",brochure_pdf,NOT_PUBLISHED_ONLINE,2026-10-04,"19pp. Held as a negative on charging: the brochure carries no charging rule, condition or exclusion. It does carry the warranty table on printed p16, which is newer than the warranty booklet already held and gives different figures. Read from a local copy. Citroen publishes no eC3 or e-C3X owner's manual that could be obtained.",07ecbeb3288f098ffc0e3644a35aab37dbd92c7ca4269edc92430fbdbd9f0a81,
byd-atto3-om,BYD India,BYD ATTO 3 owner's manual,owner_manual_pdf,https://www.byd.com/material/byd-site/in/support/byd-atto3-owner-s-manual-right-1227.pdf,2026-10-04,"202pp, 47MB. This is the whole of BYD India's published owner's manual library. The page at byd.com/in/service/owners-manual builds its links from a serviceData array holding exactly two entries, ATTO 3 2022 and ATTO 3 2023, both pointing at this same file. BYD sells the ATTO 3, eMAX 7, SEAL and SEALION 7 in India and publishes a manual for the oldest only. Charging guidance printed p81 to p88, the self-calibration rule p159. Read from a local copy.",7d6a0e53880f5931c11202baa6c6921f5bc335fa5c6ce53c3ed689d7171c7605,
