maker,model,segment,warranty_years,warranty_km,soh_floor_pct,who_measures,method_disclosed,owner_can_dispute,source_id,notes
Tata Motors,Nexon.ev 45,4W,lifetime_15,unlimited,70,TPEM via IRA.ev telematics,NOT_DISCLOSED,NOT_ADDRESSED,tata-nexon-om,"Second registration onwards: 8 years / 160000 km. Claim restores to steady-state SOH before repair or 80%, whichever is higher."
Tata Motors,Harrier.ev,4W,lifetime_15,unlimited,70,TPEM via IRA.ev telematics,NOT_DISCLOSED,NOT_ADDRESSED,tata-harrier-om,Second registration onwards: 10 years / 200000 km.
Tata Motors,Curvv.ev,4W,lifetime_15,unlimited,70,TPEM via IRA.ev telematics,NOT_DISCLOSED,NOT_ADDRESSED,tata-curvv-om,Second registration onwards: 8 years / 160000 km.
Tata Motors,Punch.ev 40,4W,lifetime_15,unlimited,70,TPEM via IRA.ev telematics,NOT_DISCLOSED,NOT_ADDRESSED,tata-punch-om,Second registration onwards: 8 years / 160000 km.
Tata Motors,Tiago.ev 24,4W,lifetime_15,unlimited,70,TPEM via IRA.ev telematics,NOT_DISCLOSED,NOT_ADDRESSED,tata-tiago-om,Second registration onwards: 8 years / 160000 km.
Tata Motors,Sierra.ev,4W,lifetime_15,unlimited,70,TPEM via IRA.ev telematics,NOT_DISCLOSED,NOT_ADDRESSED,tata-sierra-om,Carries the HV Battery Warranty and the telematics condition but NOT the DC cycle cap present in five other Tata manuals.
Tata Motors,Tigor.ev,4W,8,160000,NOT_STATED,NOT_STATED,NOT_DISCLOSED,NOT_ADDRESSED,tata-tigor-om,Carries none of the Lifetime HV Battery Warranty apparatus. Term survives only in an FAQ.
Tata Motors,Nexon.ev 30,4W,NOT_FOUND,NOT_FOUND,NOT_FOUND,NOT_FOUND,NOT_FOUND,NOT_ADDRESSED,tata-warranty-web,Smaller pack. Terms appear on no page found.
Tata Motors,Tiago.ev 19.2,4W,NOT_FOUND,NOT_FOUND,NOT_FOUND,NOT_FOUND,NOT_FOUND,NOT_ADDRESSED,tata-warranty-web,Smaller pack. Terms appear on no page found.
Tata Motors,Punch.ev 35,4W,NOT_FOUND,NOT_FOUND,NOT_FOUND,NOT_FOUND,NOT_FOUND,NOT_ADDRESSED,tata-warranty-web,Smaller pack. Terms appear on no page found.
Mahindra,BE 6,4W,lifetime_first_reg,unlimited,70,NOT_STATED; Mahindra appoints the inspecting engineer,NOT_DISCLOSED,NOT_ADDRESSED,mahindra-be6,Tiered 85 / 75 / 70. Second registration onwards: 10 years / 200000 km.
Mahindra,BE 6 FE,4W,lifetime_first_reg,unlimited,70,NOT_STATED; Mahindra appoints the inspecting engineer,NOT_DISCLOSED,NOT_ADDRESSED,mahindra-be6fe,Tiered 85 / 75 / 70.
Mahindra,XEV 9e,4W,lifetime_first_reg,unlimited,70,NOT_STATED; Mahindra appoints the inspecting engineer,NOT_DISCLOSED,NOT_ADDRESSED,mahindra-xev9e,Tiered 85 / 75 / 70.
Mahindra,XEV 9S,4W,lifetime_first_reg,unlimited,70,NOT_STATED; Mahindra appoints the inspecting engineer,NOT_DISCLOSED,NOT_ADDRESSED,mahindra-xev9s,Tiered 85 / 75 / 70.
Mahindra,XUV400,4W,8,160000,NOT_STATED,NOT_STATED,NOT_DISCLOSED,NOT_ADDRESSED,mahindra-xuv400-brochure,"The XUV400 is not one of the four models Mahindra publishes a warranty guide for. Its only published warranty terms are two rows at the foot of the specifications table on page 8 of the Pro Range brochure: battery pack and motor 8 years or 1,60,000 km, vehicle 3 years or unlimited km, footnoted 'whichever is earlier'. No state of health floor, no measuring party, no method and no charging exclusions appear anywhere in the document. Mahindra's four warranty guides for the XEV 9e, BE 6, XEV 9S and BE 6 FE all carry an 85/75/70 tiered floor and charging exclusions, so the difference is between models of one maker, not between makers."
Mahindra,XUV 3XO EV,4W,NOT_FOUND,NOT_FOUND,NOT_FOUND,NOT_FOUND,NOT_FOUND,NOT_ADDRESSED,mahindra-care,No battery row in the whole-vehicle warranty table.
JSW MG Motor India,ZS EV,4W,8,150000,NO_FIGURE_IN_DOCUMENT,Authorised MG EV Dealer,NOT_DISCLOSED,NOT_ADDRESSED,mg-zsev,Commercial use: 3 years / 100000 km. Full manual text contains no percentage of any kind.
JSW MG Motor India,Comet EV,4W,lifetime_first_owner,120000,NO_FIGURE_IN_DOCUMENT,Authorised MG EV Dealer,NOT_DISCLOSED,NOT_ADDRESSED,mg-comet,Lifetime ends on any change of ownership; then 8 years / 120000 km.
JSW MG Motor India,Windsor EV,4W,lifetime_first_owner,160000,NO_FIGURE_IN_DOCUMENT,Authorised MG EV Dealer,NOT_DISCLOSED,NOT_ADDRESSED,mg-windsor,Lifetime ends on any change of ownership; then 8 years / 160000 km.
Hyundai Motor India,IONIQ 5,4W,8,160000,NOT_STATED,NOT_FOUND,NOT_DISCLOSED,NOT_ADDRESSED,hyundai-ioniq5-bro,"The warranty policy page states batteries are warranted by their manufacturers and not by HMIL, and lists no battery row. The 8yr figure appears only in marketing material. This row is coded against the document it cites, which states no retention percentage. The exclusion for degradation 'within the normal aging level' is in the Kona Electric manual and is recorded on that row, not inferred onto this one. The Kona Electric owner's manual prints HMIL's warranty policy and states that degradation 'within the normal aging level' is not covered, and that 'The criterion for normal aging of high-voltage battery conforms to our internal quality standards'. So a threshold exists and is deliberately withheld, which is different from not stating one. Kia, in the same group, publishes 70 percent."
Hyundai Motor India,Creta Electric,4W,8,160000,NOT_STATED,NOT_FOUND,NOT_DISCLOSED,NOT_ADDRESSED,hyundai-creta-page,"Same contradiction as IONIQ 5. This row is coded against the document it cites, which states no retention percentage. The exclusion for degradation 'within the normal aging level' is in the Kona Electric manual and is recorded on that row, not inferred onto this one. The Kona Electric owner's manual prints HMIL's warranty policy and states that degradation 'within the normal aging level' is not covered, and that 'The criterion for normal aging of high-voltage battery conforms to our internal quality standards'. So a threshold exists and is deliberately withheld, which is different from not stating one. Kia, in the same group, publishes 70 percent."
Kia India,EV6,4W,8,160000,70,NOT_FOUND,NOT_DISCLOSED,NOT_ADDRESSED,kia-ev6-om,"The 70% floor is in the owner manual (p592), not on Kia India's website, which states a capacity warranty with no threshold. Claim restores to 70%, not 100%."
Kia India,EV9,4W,8,160000,70,NOT_FOUND,NOT_DISCLOSED,NOT_ADDRESSED,kia-ev6-om,Same clause as EV6 on Kia India's page; manual read for EV6.
Kia India,Carens Clavis EV,4W,lifetime_15,unlimited,70,NOT_FOUND,NOT_DISCLOSED,NOT_ADDRESSED,kia-ev-owners,Second purchaser: 8 years / 160000 km. Commercial: 8 years / 160000 km.
Kia India,Syros EV,4W,lifetime_15,unlimited,70,NOT_FOUND,NOT_DISCLOSED,NOT_ADDRESSED,kia-ev-owners,Same as Carens Clavis EV.
BYD India,Atto 3,4W,8,160000,EXCLUDED,NOT_ADDRESSED,NOT_DISCLOSED,NOT_ADDRESSED,byd-atto3-warranty-policy,"Traction Battery warranted 8 years / 160,000 km, but clause 8 excludes the normal attenuation of battery capacity from the scope of the warranty, and the document states no state of health floor anywhere. Searched in full: no retention percentage of any kind. So the headline battery term covers failure and not degradation. Clause 5 allows replacement with a reconditioned or re-manufactured part at BYD's sole discretion and concedes the result may not be like new. Clause 4 gives a replaced part only the remainder of the original part's term. The Seal, eMAX 7 and Sealion 7 documents were also read and all publish the same 8 year / 160,000 km term. Only the Seal document carries the same exclusions section."
Citroen India,eC3 personal,4W,7,140000,NOT_STATED,NOT_STATED,NOT_DISCLOSED,NOT_ADDRESSED,citroen-warranty,"The public web page lists only the vehicle warranty and omits the separate longer battery term, understating cover by four years."
Citroen India,eC3 commercial,4W,3,125000,NOT_STATED,NOT_STATED,NOT_DISCLOSED,NOT_ADDRESSED,citroen-warranty,Gradual capacity loss excluded beyond limits that the 38-page booklet never specifies.
Maruti Suzuki,e VITARA,4W,8,160000,NOT_STATED,NOT_STATED,NOT_DISCLOSED,NOT_ADDRESSED,maruti-evitara-pr,Headline terms published only in a press release. The owner's manual exists and is held (source maruti-evitara-om) but Maruti publishes it nowhere on its website: the manual tells the owner to download it from the Maruti Suzuki mobile application. No warranty booklet found.
Toyota Kirloskar Motor,BEV range,4W,8,200000,70,NOT_STATED,NOT_DISCLOSED,NOT_ADDRESSED,toyota-warranty,"Taxi, fleet and commercial use drops to 3 years / 100000 km; the document does not say whether the 70% condition survives into that term. Toyota's India BEV is the Urban Cruiser Ebella, the same vehicle as the Maruti e VITARA; both owner's manuals carry identical charging rules."
Mercedes-Benz India,EQA / EQB / EQC / EQG,4W,8,160000,70,MB India authorised dealers,NOT_DISCLOSED,PARTIAL,mb-eq-warranty,"Rated capacity recorded at production and printed on a label on the pack, obtainable from any authorised dealer. The only maker where an owner can learn the denominator. Jurisdiction fixed at Pune. Mercedes publishes the denominator, the rated capacity recorded at production, but no measurement method. The denominator is why owner_can_dispute is PARTIAL. method_disclosed is NOT_DISCLOSED because no procedure is described."
BMW India,BEV range,4W,8,160000,NOT_STATED,NOT_STATED,NOT_DISCLOSED,NOT_ADDRESSED,bmw-warranty,
Volvo India,BEV range,4W,NOT_FOUND,NOT_FOUND,NOT_FOUND,NOT_FOUND,NOT_FOUND,NOT_ADDRESSED,volvo-warranty,"Publishes no battery warranty term for India, though Volvo publishes one in other markets."
Ather Energy,450X / 450S / Rizta,2W,3,30000,70,"Ather, by its own standard testing procedure",NOT_DISCLOSED,NOT_ADDRESSED,ather-warranty,The document names the procedure and never describes it.
Ather Energy,450 Apex,2W,5,60000,70,Ather,NOT_DISCLOSED,NOT_ADDRESSED,ather-warranty,
Ather Energy,Eight70 paid extension,2W,8,80000,70,"Ather support, only after 10000 km",NOT_DISCLOSED,NOT_ADDRESSED,ather-faq,
Ola Electric,S1 range,2W,3,50000,70,"The company only, after 10000 km",NOT_DISCLOSED,NOT_ADDRESSED,ola-tnc,Ola publishes three different base terms across three of its own pages. The paid top-up plan excludes commercial and fleet customers.
TVS Motor,iQube,2W,3,50000,NOT_STATED,The Company,NOT_DISCLOSED,NOT_ADDRESSED,tvs-iqube-om,
Bajaj Auto,Chetak,2W,3,50000,60,NOT_STATED,NOT_DISCLOSED,NOT_ADDRESSED,bajaj-chetak-tc,One clause sets a 60% floor; another excludes gradual capacity loss as wear on a consumable.
Hero MotoCorp,VIDA V1 / VX2,2W,3,30000,70,NOT_STATED,NOT_DISCLOSED,NOT_ADDRESSED,vida-warranty,"Paid Advantage extension to 5 years / 60000 km, administered via Acko. The base term above is what a buyer gets without paying. The owner's manual states a hard end of life separate from the warranty: the pack stops working at eight years from first charge, or at 14,000 Ah of accumulated charging, whichever comes first. That is five years beyond the three year warranty. Vida states the limit in Ah and publishes no Ah rating for the pack, so an owner cannot convert it into cycles or kilometres."
Ampere (Greaves),Nexus / Magnus Neo / Magnus Grand,2W,5,75000,NOT_STATED,"Ampere, solely",NOT_DISCLOSED,NOT_ADDRESSED,ampere-warranty,Sold from 1 Jul 2025.
Revolt Motors,RV400,2W,8,80000,70,NOT_STATED,NOT_DISCLOSED,NOT_ADDRESSED,revolt-rv400,"Support pages disallowed by robots.txt, so exclusions could not be read."
River,Indie,2W,3,30000,NOT_STATED,NOT_STATED,NOT_DISCLOSED,NOT_ADDRESSED,river-warranty,"Paid extensions to 5yr/50000km and 8yr/80000km, priced at Rs 4999 and Rs 8399 plus GST."
Mahindra Last Mile Mobility,Treo,3W,5,120000,NOT_STATED,NOT_STATED,NOT_DISCLOSED,NOT_ADDRESSED,mahindra-treo,
Piaggio,Ape E-City FX Max,3W,5,200000,NOT_STATED,NOT_STATED,NOT_DISCLOSED,NOT_ADDRESSED,piaggio-apemax,
Altigreen,neEV,3W,3,100000,70,ALTIGREEN,NOT_DISCLOSED,NOT_ADDRESSED,altigreen-warranty,
Altigreen / Exponent,neEV TEZ,3W,3,cycles_3000,70,"Exponent, in its sole discretion",DISCLOSED,PARTIAL,altigreen-tez,"The ONLY row in this dataset with a disclosed measurement method: capacity measured on a CC-CV profile at 54A. Warranted by cycles, not km: 3000 cycles to 70% of usable capacity. Technical report to the customer within 7 days."
Ultraviolette,F77,2W,5,100000,NOT_STATED,NOT_STATED,NOT_DISCLOSED,NOT_ADDRESSED,uv-f77-om,"Model page states up to 1,00,000 km and no term in years. Page read; silent on threshold, measurement and dispute. No warranty booklet published. Read from the owner's manual, printed p95: the SRB10 battery pack, motor and controller are covered for 5 years or 100,000 km. Cover is conditional on the bike being stored, used and maintained in accordance with the user manual, which pulls the charging and storage pages into the warranty. Ultraviolette also reserves the right to change or withdraw any warranty clause without notice."
Ultraviolette,Tesseract,2W,8,200000,NOT_STATED,NOT_STATED,NOT_DISCLOSED,NOT_ADDRESSED,ultraviolette-tesseract-page,"Stated as 8 Yrs Battery Warranty, upto 2Lac km on the model page."
PMV Electric,EaS-E,4W,NOT_STATED,NOT_STATED,NOT_STATED,NOT_STATED,NOT_DISCLOSED,NOT_ADDRESSED,pmv-faq,"FAQ states an expected cell life of 5-8 years based on the cell manufacturer's warranty. That is an expectation, not a warranty term, and is recorded here as such."
Audi India,"e-tron GT, Q8 e-tron",4W,NOT_STATED,NOT_STATED,NOT_STATED,NOT_STATED,NOT_DISCLOSED,NOT_ADDRESSED,audi-in-warranty,The published warranty page carries no battery term at all. Repair or replacement is at Audi India's sole discretion and the referenced warranty booklet is not published.
Euler Motors,HiLoad EV,3W,NOT_STATED,NOT_STATED,NOT_STATED,NOT_STATED,NOT_DISCLOSED,NOT_ADDRESSED,euler-hiload-page,"Product page read and silent on every warranty term. The site's terms and conditions URL returns AccessDenied, so no warranty document is reachable."
Strom Motors,R3,4W,NOT_FOUND,NOT_FOUND,NOT_STATED,NOT_STATED,NOT_DISCLOSED,NOT_ADDRESSED,strom-r3-page,"Site read on 29 September 2026 and carries no warranty document of any kind: no warranty page, no owner's manual, no terms, no battery term stated. Coded from a successful read of a live site, not from an access failure. The 28 September European access failures are recorded in the source's access_notes and are not the basis of this row."
Mercedes-Benz India,EQS 580 4MATIC,4W,8,unlimited,70,MB India authorised dealers,NOT_DISCLOSED,PARTIAL,mb-eq-warranty,"Rated capacity recorded at production and printed on a label on the pack, obtainable from any authorised dealer. Jurisdiction fixed at Pune. Mercedes publishes the denominator, the rated capacity recorded at production, but no measurement method. The denominator is why owner_can_dispute is PARTIAL. method_disclosed is NOT_DISCLOSED because no procedure is described."
Mercedes-Benz India,EQS 580 SUV,4W,10,unlimited,70,MB India authorised dealers,NOT_DISCLOSED,PARTIAL,mb-eq-warranty,"Rated capacity recorded at production and printed on a label on the pack, obtainable from any authorised dealer. Jurisdiction fixed at Pune. Mercedes publishes the denominator, the rated capacity recorded at production, but no measurement method. The denominator is why owner_can_dispute is PARTIAL. method_disclosed is NOT_DISCLOSED because no procedure is described."
Mercedes-Benz India,EQS 53 AMG,4W,10,250000,70,MB India authorised dealers,NOT_DISCLOSED,PARTIAL,mb-eq-warranty,"Rated capacity recorded at production and printed on a label on the pack, obtainable from any authorised dealer. Jurisdiction fixed at Pune. Mercedes publishes the denominator, the rated capacity recorded at production, but no measurement method. The denominator is why owner_can_dispute is PARTIAL. method_disclosed is NOT_DISCLOSED because no procedure is described."
Mercedes-Benz India,EQE 500 4M SUV,4W,10,250000,70,MB India authorised dealers,NOT_DISCLOSED,PARTIAL,mb-eq-warranty,"Rated capacity recorded at production and printed on a label on the pack, obtainable from any authorised dealer. Jurisdiction fixed at Pune. Mercedes publishes the denominator, the rated capacity recorded at production, but no measurement method. The denominator is why owner_can_dispute is PARTIAL. method_disclosed is NOT_DISCLOSED because no procedure is described."
Mercedes-Benz India,Maybach EQS 680,4W,10,250000,70,MB India authorised dealers,NOT_DISCLOSED,PARTIAL,mb-eq-warranty,"Rated capacity recorded at production and printed on a label on the pack, obtainable from any authorised dealer. Jurisdiction fixed at Pune. Mercedes publishes the denominator, the rated capacity recorded at production, but no measurement method. The denominator is why owner_can_dispute is PARTIAL. method_disclosed is NOT_DISCLOSED because no procedure is described."
Tesla India,Model Y Premium RWD,4W,8,160000,70,NOT_STATED,NOT_DISCLOSED,NOT_ADDRESSED,tesla-in-warranty,"Stated as 8 years or 160,000 km, whichever comes first, with minimum 70% retention of battery capacity over the warranty period."
Tesla India,Model Y L,4W,8,192000,70,NOT_STATED,NOT_DISCLOSED,NOT_ADDRESSED,tesla-in-warranty,"Stated as 8 years or 192,000 km, whichever comes first, with minimum 70% retention of battery capacity over the warranty period."
Hero Electric,Optima CX / Optima CX ER / NYX ES / NYX HS500 ER / Photon LP,2W,3,NOT_STATED,NOT_STATED,NOT_STATED,NOT_DISCLOSED,NOT_ADDRESSED,hero-electric-startup-guide,"Three years for private use only. Commercial use (taxi, delivery, bike sharing, rental, about 3 hours a day or more) drops to 1 year on the bike and 2 years on the battery. Private use is defined as consuming up to 75% of charge per day; any bike taking more than 75% per day is treated as commercial. Replacement threshold is stated in Ah, not percent, and steps down with age: below 22Ah in months 0-6, below 18Ah in months 7-24, below 16Ah in months 25-36, for a 30Ah battery at C5 discharge rate. Warranty void unless all free and paid services are taken at an authorised dealer. Hero Electric reserves the right to change or withdraw any clause without notice. Downgraded from PARTIAL at 1.2.0: the amp-hour steps and the C5 rate are recorded in this note but no verbatim clause from the booklet is held, and the reading of the Hindi original is still outstanding. It will go back to PARTIAL when the clause is quoted."
Hero Electric,Glyde,2W,1,NOT_STATED,NOT_STATED,NOT_STATED,NOT_DISCLOSED,NOT_ADDRESSED,hero-electric-startup-guide,Battery warranty stated as 12 months.
Hero Electric,Velocity,2W,1,NOT_STATED,NOT_STATED,NOT_STATED,NOT_DISCLOSED,NOT_ADDRESSED,hero-electric-startup-guide,Battery warranty stated as 12 months.
BYD India,Seal,4W,8,160000,EXCLUDED,NOT_ADDRESSED,NOT_DISCLOSED,NOT_ADDRESSED,byd-seal-warranty-policy,"Traction Battery 8 years / 160,000 km. Clause 9 excludes the normal attenuation of battery capacity from scope, with no exception and no state of health floor stated anywhere in the document. BYD's own Europe and Israel warranty manual writes the same exclusion but adds 'except to the extent specified in this Power Battery Coverage' and guarantees SOH at or above 70% for 96 months / 200,000 km. The carve-out and the floor are both absent from the India document."
BYD India,eMAX 7,4W,8,160000,NOT_STATED,NOT_STATED,NOT_DISCLOSED,NOT_ADDRESSED,byd-emax7-booking-warranty,"Traction Battery 8 years / 160,000 km, from the warranty table. This document carries the table and no limitations or exclusions section, so the attenuation exclusion recorded for the Atto 3 and Seal is NOT attributed here: coded NOT_STATED, not EXCLUDED. The document refers the reader to further policies on BYD's website which it does not contain and which are not reachable."
BYD India,Sealion 7,4W,8,160000,NOT_STATED,NOT_STATED,NOT_DISCLOSED,NOT_ADDRESSED,byd-sealion7-booking-warranty,"Traction Battery 8 years / 160,000 km, from the warranty table. This document carries the table and no limitations or exclusions section, so the attenuation exclusion recorded for the Atto 3 and Seal is NOT attributed here: coded NOT_STATED, not EXCLUDED. The document refers the reader to further policies on BYD's website which it does not contain and which are not reachable."
Tata Motors,XPRES-T EV,4W,3,125000,NOT_STATED,"Tata Motors, in our opinion which shall be final and binding",NOT_DISCLOSED,NOT_ADDRESSED,tata-xprest-om,"Clause 1 warrants the vehicle 'Inclusive of Battery and Electric Powertrain' for 3 years or 1,25,000 km, whichever is earlier. That is the shortest battery term of any Tata EV in this dataset, and the XPRES-T is the fleet and taxi variant, so the highest-utilisation vehicle carries the shortest cover while Tata's passenger EVs carry lifetime terms. No state of health figure appears anywhere in the manual; searched in full, zero matches. Clause 7 excludes 'any inherent normal deterioration of the car or any of its parts arising from the actual use of the car', which by clause 1's wording reaches the battery, but it does not name capacity, so this is recorded as NOT_STATED and not EXCLUDED. The charging-pattern guidance in the EV usage section is written as recommendation, not as a condition of cover, unlike the Nexon.ev manual."
VinFast,VF 6,4W,10,200000,NOT_FOUND,NOT_FOUND,NOT_FOUND,NOT_ADDRESSED,vinfast-mpv7-brochure,"Battery warranty read from a brochure footnote, not a warranty document. No VinFast India warranty booklet or warranty page located. Vehicle warranty 7 years or 1,60,000 km is stated in the same footnote. The MPV7 footnote is the only VinFast document read that states the terms. Whether the same package applies to this model is not established. Correction 1.2.0: VinFast does publish an India owner's manual, at om.vinfastauto.com with an en_in locale. Earlier passes missed it because they searched vinfastauto.in only and because the manual body renders inside shadow DOM, so a page fetch returns navigation and the manual looks empty."
VinFast,VF 7,4W,10,200000,NOT_FOUND,NOT_FOUND,NOT_FOUND,NOT_ADDRESSED,vinfast-mpv7-brochure,"Battery warranty read from a brochure footnote, not a warranty document. No VinFast India warranty booklet or warranty page located. Vehicle warranty 7 years or 1,60,000 km is stated in the same footnote. The MPV7 footnote is the only VinFast document read that states the terms. Whether the same package applies to this model is not established. Correction 1.2.0: VinFast does publish an India owner's manual, at om.vinfastauto.com with an en_in locale. Earlier passes missed it because they searched vinfastauto.in only and because the manual body renders inside shadow DOM, so a page fetch returns navigation and the manual looks empty."
VinFast,VF MPV7,4W,10,200000,NOT_FOUND,NOT_FOUND,NOT_FOUND,NOT_ADDRESSED,vinfast-mpv7-brochure,"Battery warranty read from a brochure footnote, not a warranty document. No VinFast India warranty booklet or warranty page located. Vehicle warranty 7 years or 1,60,000 km is stated in the same footnote. Correction 1.2.0: VinFast does publish an India owner's manual, at om.vinfastauto.com with an en_in locale. Earlier passes missed it because they searched vinfastauto.in only and because the manual body renders inside shadow DOM, so a page fetch returns navigation and the manual looks empty."
VinFast,Limo Green,4W,10,200000,NOT_FOUND,NOT_FOUND,NOT_FOUND,NOT_ADDRESSED,vinfast-limo-brochure,"Battery warranty read from a brochure footnote, not a warranty document. No VinFast India warranty booklet or warranty page located. Vehicle warranty 7 years or 1,60,000 km is stated in the same footnote. Correction 1.2.0: VinFast does publish an India owner's manual, at om.vinfastauto.com with an en_in locale. Earlier passes missed it because they searched vinfastauto.in only and because the manual body renders inside shadow DOM, so a page fetch returns navigation and the manual looks empty."
Hyundai Motor India,Kona Electric,4W,8,160000,EXCLUDED,maker,NOT_DISCLOSED,NOT_ADDRESSED,hyundai-kona-om,"96 months / 160,000 km, printed in HMIL's warranty policy inside the owner's manual. Hyundai does not publish a retention percentage. The Kona Electric owner's manual prints HMIL's warranty policy and states that degradation 'within the normal aging level' is not covered, and that 'The criterion for normal aging of high-voltage battery conforms to our internal quality standards'. So a threshold exists and is deliberately withheld, which is different from not stating one. Kia, in the same group, publishes 70 percent."
Ultraviolette,X-47,2W,5,100000,NOT_STATED,NOT_FOUND,NOT_DISCLOSED,NOT_ADDRESSED,uv-x47-om,"UV Care Plus, 5 years or 100,000 km, is the included cover. An optional UV Care Max plan is stated as 8 years or 800,000 km, the highest distance figure in this dataset. No retention percentage is given for either."
Citroen India,e-C3X,4W,7,140000,NOT_STATED,NOT_FOUND,NOT_DISCLOSED,NOT_ADDRESSED,citroen-ec3x-brochure,"Private use only. For commercial use the battery warranty drops to 3 years / 125,000 km, stated in a footnote on the same page. The eC3 is widely run as a fleet car, so the footnote is the term that applies to most of them. No retention percentage stated."
